type_value,total_count,n_provinces,provinces,pct_of_typed,cumulative_pct,top_province,currently_mapped_to,currently_murb_evidence,decision_category,decision_is_murb_evidence,reviewer_notes
Residential,616944,5,AB;BC;NS;NT;ON,28.9569,28.9569,AB,residential,yes,,,
General,218243,3,AB;BC;ON,10.2435,39.2004,ON,UNMAPPED -> dropped,no,,,
Résidence,142671,1,QC,6.6964,45.8968,QC,UNMAPPED -> dropped,no,,,
Single Family Dwelling,134333,4,AB;BC;NB;ON,6.3051,52.2019,ON,residential_single,no,,,
Garage - Annexe - Remise,127242,1,QC,5.9722,58.1741,QC,UNMAPPED -> dropped,no,,,
Residential Garage,119061,1,AB,5.5883,63.7624,AB,UNMAPPED -> dropped,no,,,
Shed,75565,2,BC;ON,3.5467,67.3091,ON,other,no,,,
Residence,75498,1,NB,3.5436,70.8527,NB,UNMAPPED -> dropped,no,,,
Résidentielle,74947,1,QC,3.5177,74.3704,QC,UNMAPPED -> dropped,no,,,
Single / Semi / Duplex,55742,1,ON,2.6163,76.9867,ON,UNMAPPED -> dropped,no,,,
Detached House,45730,1,ON,2.1464,79.1331,ON,UNMAPPED -> dropped,no,,,
Single-Family Home,42663,2,BC;ON,2.0024,81.1355,ON,UNMAPPED -> dropped,no,,,
Detached,36366,1,ON,1.7069,82.8424,ON,residential_single,no,,,
Résidentiel,31142,2,ON;QC,1.4617,84.3041,QC,UNMAPPED -> dropped,no,,,
Commercial,27585,6,AB;BC;NS;NT;ON;QC,1.2947,85.5988,AB,commercial,no,,,
Résidentiel et commercial,24130,1,QC,1.1326,86.7314,QC,UNMAPPED -> dropped,no,,,
Garage,16461,2,NB;ON,0.7726,87.504,ON,other,no,,,
General/Residential,15758,1,ON,0.7396,88.2436,ON,UNMAPPED -> dropped,no,,,
Accessory,15452,4,AB;BC;NS;ON,0.7253,88.9689,ON,UNMAPPED -> dropped,no,,,
Farm,13738,2,BC;ON,0.6448,89.6137,ON,UNMAPPED -> dropped,no,,,
Unclassified,11736,1,AB,0.5508,90.1645,AB,UNMAPPED -> dropped,no,,,
Barn,10912,3,BC;NB;ON,0.5122,90.6767,ON,other,no,,,
Townhouse,10284,1,ON,0.4827,91.1594,ON,townhouse,no,,,
Industrial,7355,4,BC;NS;NT;ON,0.3452,91.5046,ON,industrial,no,,,
Ancillary,6030,1,NT,0.283,91.7876,NT,UNMAPPED -> dropped,no,,,
Kiln,5942,1,ON,0.2789,92.0665,ON,UNMAPPED -> dropped,no,,,
Detached Garage,5593,2,BC;ON,0.2625,92.329,BC,UNMAPPED -> dropped,no,,,
Two Unit Dwelling,4894,1,NB,0.2297,92.5587,NB,UNMAPPED -> dropped,no,,,
Outbuilding,4784,1,BC,0.2245,92.7832,BC,UNMAPPED -> dropped,no,,,
Mobile Home,4777,2,BC;ON,0.2242,93.0074,BC,UNMAPPED -> dropped,no,,,
Emerging Residential,4442,1,ON,0.2085,93.2159,ON,UNMAPPED -> dropped,no,,,
MultiFamily,4391,1,BC,0.2061,93.422,BC,UNMAPPED -> dropped,no,,,
Semi-Detached,4058,1,ON,0.1905,93.6125,ON,semi_detached,no,,,
Detatched Garage,3780,1,ON,0.1774,93.7899,ON,UNMAPPED -> dropped,no,,,
Structure,3616,1,BC,0.1697,93.9596,BC,UNMAPPED -> dropped,no,,,
Bâtiment commercial,3222,1,QC,0.1512,94.1108,QC,UNMAPPED -> dropped,no,,,
Multi-Family Dwelling,3220,3,AB;BC;ON,0.1511,94.2619,ON,UNMAPPED -> dropped,no,,,
Piscine privée,3189,1,QC,0.1497,94.4116,QC,UNMAPPED -> dropped,no,,,
Single-Family Detached Home,3024,3,AB;BC;ON,0.1419,94.5535,AB,UNMAPPED -> dropped,no,,,
School,2936,5,AB;BC;NB;NS;ON,0.1378,94.6913,ON,institutional,no,,,
Place of Worship,2891,4,BC;NB;NS;ON,0.1357,94.827,ON,UNMAPPED -> dropped,no,,,
Recreation,2845,3,BC;NT;ON,0.1335,94.9605,ON,UNMAPPED -> dropped,no,,,
Duplex,2767,4,AB;BC;NS;ON,0.1299,95.0904,ON,UNMAPPED -> dropped,no,,,
Unknown,2700,3,BC;NS;ON,0.1267,95.2171,ON,UNMAPPED -> dropped,no,,,
Single Unit Dwelling,2696,2,NS;ON,0.1265,95.3436,NS,UNMAPPED -> dropped,no,,,
Low Density Residential,2591,1,ON,0.1216,95.4652,ON,UNMAPPED -> dropped,no,,,
Cottage / Camp,2395,1,NB,0.1124,95.5776,NB,UNMAPPED -> dropped,no,,,
Two Unit House,2352,1,ON,0.1104,95.688,ON,UNMAPPED -> dropped,no,,,
Multi Family Dwelling,2245,1,ON,0.1054,95.7934,ON,UNMAPPED -> dropped,no,,,
Heritage Building,2222,2,AB;BC,0.1043,95.8977,BC,UNMAPPED -> dropped,no,,,
Residential-Duplex,2215,1,BC,0.104,96.0017,BC,UNMAPPED -> dropped,no,,,
LR,2186,1,ON,0.1026,96.1043,ON,UNMAPPED -> dropped,no,,,
Miscellaneous,2154,1,BC,0.1011,96.2054,BC,UNMAPPED -> dropped,no,,,
Resort Dwelling,2128,1,ON,0.0999,96.3053,ON,UNMAPPED -> dropped,no,,,
Multiple,2011,1,ON,0.0944,96.3997,ON,UNMAPPED -> dropped,no,,,
Industrial Facility,1875,2,NB;ON,0.088,96.4877,ON,UNMAPPED -> dropped,no,,,
ORM_Boundary,1654,1,ON,0.0776,96.5653,ON,UNMAPPED -> dropped,no,,,
Services,1648,2,BC;QC,0.0774,96.6427,QC,UNMAPPED -> dropped,no,,,
Seasonal Dwelling,1625,1,ON,0.0763,96.719,ON,UNMAPPED -> dropped,no,,,
Multi-Unit Dwelling,1619,2,NB;NS,0.076,96.795,NB,UNMAPPED -> dropped,no,,,
Residential-Low Rise,1549,1,BC,0.0727,96.8677,BC,UNMAPPED -> dropped,no,,,
Production et extraction de richesses naturelles,1477,1,QC,0.0693,96.937,QC,UNMAPPED -> dropped,no,,,
Building Under Construction,1445,1,AB,0.0678,97.0048,AB,UNMAPPED -> dropped,no,,,
Silo,1445,2,ON;QC,0.0678,97.0726,ON,UNMAPPED -> dropped,no,,,
Apartment,1414,3,BC;NS;ON,0.0664,97.139,ON,apartment,yes,,,
Bâtiment industriel,1393,1,QC,0.0654,97.2044,QC,UNMAPPED -> dropped,no,,,
Commerciale,1361,1,QC,0.0639,97.2683,QC,UNMAPPED -> dropped,no,,,
Commercial or Retail Facility,1282,2,NB;ON,0.0602,97.3285,ON,UNMAPPED -> dropped,no,,,
Other,1274,2,BC;ON,0.0598,97.3883,ON,UNMAPPED -> dropped,no,,,
Trailer,1252,1,ON,0.0588,97.4471,ON,UNMAPPED -> dropped,no,,,
Commercial / Business,1245,1,NB,0.0584,97.5055,NB,UNMAPPED -> dropped,no,,,
Greenhouse,1234,4,BC;NB;NS;ON,0.0579,97.5634,ON,UNMAPPED -> dropped,no,,,
Institutional,1224,2,BC;ON,0.0574,97.6208,ON,institutional,no,,,
Comprehensive Development,1184,1,BC,0.0556,97.6764,BC,UNMAPPED -> dropped,no,,,
Government / Military,1122,1,ON,0.0527,97.7291,ON,UNMAPPED -> dropped,no,,,
Office,965,3,BC;NS;ON,0.0453,97.7744,NS,commercial,no,,,
Restaurant,923,3,BC;NS;ON,0.0433,97.8177,BC,UNMAPPED -> dropped,no,,,
Urban_Centre,858,1,ON,0.0403,97.858,ON,UNMAPPED -> dropped,no,,,
Industries manufacturières,824,1,QC,0.0387,97.8967,QC,UNMAPPED -> dropped,no,,,
Warehouse,804,2,NS;ON,0.0377,97.9344,NS,UNMAPPED -> dropped,no,,,
Camp,785,1,NS,0.0368,97.9712,NS,UNMAPPED -> dropped,no,,,
Education,736,3,BC;NB;ON,0.0345,98.0057,ON,UNMAPPED -> dropped,no,,,
Bar / Restaurant,724,2,NS;ON,0.034,98.0397,NS,UNMAPPED -> dropped,no,,,
Community Centre,709,4,BC;NB;NS;ON,0.0333,98.073,ON,UNMAPPED -> dropped,no,,,
Education Facility,675,2,NB;ON,0.0317,98.1047,ON,UNMAPPED -> dropped,no,,,
Miscellaneous (Park Buildings/Structures),663,1,AB,0.0311,98.1358,AB,UNMAPPED -> dropped,no,,,
"Transports, communications et services publics",613,1,QC,0.0288,98.1646,QC,UNMAPPED -> dropped,no,,,
Multi-Family Residential,611,1,BC,0.0287,98.1933,BC,UNMAPPED -> dropped,no,,,
Casernes de pompiers,605,1,QC,0.0284,98.2217,QC,UNMAPPED -> dropped,no,,,
Other Retail,603,1,NS,0.0283,98.25,NS,UNMAPPED -> dropped,no,,,
"Culturel, récréatif et de loisirs",584,1,QC,0.0274,98.2774,QC,UNMAPPED -> dropped,no,,,
Rowhouse,574,1,ON,0.0269,98.3043,ON,UNMAPPED -> dropped,no,,,
Triplex,570,2,NS;ON,0.0268,98.3311,ON,UNMAPPED -> dropped,no,,,
Condominium,562,1,ON,0.0264,98.3575,ON,condominium,yes,,,
Fourplex,559,2,NS;ON,0.0262,98.3837,ON,UNMAPPED -> dropped,no,,,
School Colleges,554,1,AB,0.026,98.4097,AB,UNMAPPED -> dropped,no,,,
École,541,1,QC,0.0254,98.4351,QC,UNMAPPED -> dropped,no,,,
out,534,1,BC,0.0251,98.4602,BC,UNMAPPED -> dropped,no,,,
Accomodation,533,2,NS;ON,0.025,98.4852,ON,UNMAPPED -> dropped,no,,,
Bâtiment municipal,520,1,QC,0.0244,98.5096,QC,UNMAPPED -> dropped,no,,,
Manufacturing,499,1,ON,0.0234,98.533,ON,UNMAPPED -> dropped,no,,,
Townhouse/Apartment/Walk Up - R3,498,1,AB,0.0234,98.5564,AB,UNMAPPED -> dropped,no,,,
Agricultural,492,3,BC;NB;ON,0.0231,98.5795,ON,other,no,,,
Government,455,3,NB;NT;ON,0.0214,98.6009,ON,institutional,no,,,
Boathouse,451,1,ON,0.0212,98.6221,ON,UNMAPPED -> dropped,no,,,
Religious,449,4,AB;BC;NB;ON,0.0211,98.6432,AB,UNMAPPED -> dropped,no,,,
Other Service,437,1,NS,0.0205,98.6637,NS,UNMAPPED -> dropped,no,,,
ComB,434,1,ON,0.0204,98.6841,ON,UNMAPPED -> dropped,no,,,
Vacant,434,2,NS;ON,0.0204,98.7045,ON,UNMAPPED -> dropped,no,,,
Immeubles non exploités et étendues d'eau,423,1,QC,0.0199,98.7244,QC,UNMAPPED -> dropped,no,,,
Utility,396,2,BC;ON,0.0186,98.743,ON,UNMAPPED -> dropped,no,,,
Community Facility,392,2,BC;ON,0.0184,98.7614,ON,UNMAPPED -> dropped,no,,,
Cultural,383,2,NB;ON,0.018,98.7794,ON,UNMAPPED -> dropped,no,,,
Réservoir,370,1,QC,0.0174,98.7968,QC,UNMAPPED -> dropped,no,,,
Rural Residential,366,1,BC,0.0172,98.814,BC,UNMAPPED -> dropped,no,,,
Detached House + SU,352,1,ON,0.0165,98.8305,ON,UNMAPPED -> dropped,no,,,
Open Space,339,1,ON,0.0159,98.8464,ON,UNMAPPED -> dropped,no,,,
Three Unit Dwelling,331,1,NB,0.0155,98.8619,NB,UNMAPPED -> dropped,no,,,
Agricultural/Rural,331,1,ON,0.0155,98.8774,ON,UNMAPPED -> dropped,no,,,
Fire Station,325,6,AB;BC;NB;NS;ON;SK,0.0153,98.8927,ON,UNMAPPED -> dropped,no,,,
Carport,323,2,BC;ON,0.0152,98.9079,BC,UNMAPPED -> dropped,no,,,
Storage,312,2,BC;ON,0.0146,98.9225,BC,UNMAPPED -> dropped,no,,,
Public Elementary School,305,2,ON;SK,0.0143,98.9368,ON,UNMAPPED -> dropped,no,,,
Elementary School,303,2,BC;ON,0.0142,98.951,ON,UNMAPPED -> dropped,no,,,
Commercial Residential,295,1,ON,0.0138,98.9648,ON,UNMAPPED -> dropped,no,,,
Church,280,4,AB;BC;NS;ON,0.0131,98.9779,ON,institutional,no,,,
"Culturelle, récréative et de loisirs",280,1,QC,0.0131,98.991,QC,UNMAPPED -> dropped,no,,,
Retail and Residence,276,1,ON,0.013,99.004,ON,UNMAPPED -> dropped,no,,,
Bâtiment agricole,275,1,QC,0.0129,99.0169,QC,UNMAPPED -> dropped,no,,,
Special Uses,275,1,ON,0.0129,99.0298,ON,UNMAPPED -> dropped,no,,,
"Transport, communication et services",262,1,QC,0.0123,99.0421,QC,UNMAPPED -> dropped,no,,,
Secondary Suite,261,1,NS,0.0123,99.0544,NS,UNMAPPED -> dropped,no,,,
Repair Garage,260,2,NS;ON,0.0122,99.0666,NS,UNMAPPED -> dropped,no,,,
École primaire,249,1,QC,0.0117,99.0783,QC,UNMAPPED -> dropped,no,,,
Ba,246,1,ON,0.0115,99.0898,ON,UNMAPPED -> dropped,no,,,
QUONSET,235,1,ON,0.011,99.1008,ON,UNMAPPED -> dropped,no,,,
Public School,223,3,BC;NS;ON,0.0105,99.1113,NS,UNMAPPED -> dropped,no,,,
Plex,222,1,ON,0.0104,99.1217,ON,UNMAPPED -> dropped,no,,,
Bâtiment public,213,1,QC,0.01,99.1317,QC,UNMAPPED -> dropped,no,,,
Library,213,5,AB;BC;NB;NS;ON,0.01,99.1417,ON,UNMAPPED -> dropped,no,,,
Townhouse/Fourplex - R4,209,1,AB,0.0098,99.1515,AB,UNMAPPED -> dropped,no,,,
Hospital,200,6,AB;BC;NB;NS;ON;SK,0.0094,99.1609,NS,institutional,no,,,
Cabin,200,3,BC;NB;ON,0.0094,99.1703,ON,UNMAPPED -> dropped,no,,,
Parking Garage,196,3,AB;NB;ON,0.0092,99.1795,AB,UNMAPPED -> dropped,no,,,
Utility Facility,195,1,NS,0.0092,99.1887,NS,UNMAPPED -> dropped,no,,,
Mobile Home Residential - MHR,190,1,AB,0.0089,99.1976,AB,UNMAPPED -> dropped,no,,,
Organisme communautaire et centre de loisirs,186,1,QC,0.0087,99.2063,QC,UNMAPPED -> dropped,no,,,
Daycare,185,4,AB;NB;NS;ON,0.0087,99.215,NS,UNMAPPED -> dropped,no,,,
Mixed Use,184,2,BC;NS,0.0086,99.2236,BC,mixed_use,yes,,,
Social Club,180,1,NS,0.0084,99.232,NS,UNMAPPED -> dropped,no,,,
Park,169,3,BC;NB;ON,0.0079,99.2399,BC,other,no,,,
Édifice municipal,166,1,QC,0.0078,99.2477,QC,UNMAPPED -> dropped,no,,,
Storage Tank,165,1,BC,0.0077,99.2554,BC,UNMAPPED -> dropped,no,,,
Park Facility,163,2,NS;ON,0.0077,99.2631,NS,UNMAPPED -> dropped,no,,,
General_Employment,163,1,ON,0.0077,99.2708,ON,UNMAPPED -> dropped,no,,,
Multiple Use,162,1,BC,0.0076,99.2784,BC,UNMAPPED -> dropped,no,,,
Commercial - Service/Retail/Office,162,1,AB,0.0076,99.286,AB,UNMAPPED -> dropped,no,,,
IndBuild,162,1,ON,0.0076,99.2936,ON,UNMAPPED -> dropped,no,,,
Shopping Centre,159,5,AB;BC;NB;NS;ON,0.0075,99.3011,AB,UNMAPPED -> dropped,no,,,
Museum,159,5,AB;BC;NB;NS;ON,0.0075,99.3086,ON,UNMAPPED -> dropped,no,,,
Mobile Home Park - MHP,158,1,AB,0.0074,99.316,AB,UNMAPPED -> dropped,no,,,
Tank,157,1,BC,0.0074,99.3234,BC,UNMAPPED -> dropped,no,,,
Post Secondary School,155,3,NB;NS;ON,0.0073,99.3307,NS,UNMAPPED -> dropped,no,,,
Factor/Plant,154,1,NS,0.0072,99.3379,NS,UNMAPPED -> dropped,no,,,
Public Areas,154,1,BC,0.0072,99.3451,BC,UNMAPPED -> dropped,no,,,
NHS,152,1,ON,0.0071,99.3522,ON,UNMAPPED -> dropped,no,,,
Washroom,152,1,BC,0.0071,99.3593,BC,UNMAPPED -> dropped,no,,,
Gas Station,141,3,NB;NS;ON,0.0066,99.3659,NS,UNMAPPED -> dropped,no,,,
Group Home,140,2,NB;NS,0.0066,99.3725,NS,UNMAPPED -> dropped,no,,,
Addition,139,2,BC;ON,0.0065,99.379,ON,UNMAPPED -> dropped,no,,,
Restaurant / Eating Establishment,139,2,NB;ON,0.0065,99.3855,ON,UNMAPPED -> dropped,no,,,
Seniors Home,139,2,NB;ON,0.0065,99.392,NB,UNMAPPED -> dropped,no,,,
Heritage Site,136,1,BC,0.0064,99.3984,BC,UNMAPPED -> dropped,no,,,
Low Rise Residential,136,2,BC;ON,0.0064,99.4048,ON,UNMAPPED -> dropped,no,,,
Worship Centre,135,1,ON,0.0063,99.4111,ON,UNMAPPED -> dropped,no,,,
Hotel/Visitor Accommodation,134,1,AB,0.0063,99.4174,AB,UNMAPPED -> dropped,no,,,
Infrastructure,133,1,ON,0.0062,99.4236,ON,UNMAPPED -> dropped,no,,,
Dormitory,132,2,NS;ON,0.0062,99.4298,NS,UNMAPPED -> dropped,no,,,
Airport,132,2,NT;ON,0.0062,99.436,ON,UNMAPPED -> dropped,no,,,
École secondaire et professionnelle,132,1,QC,0.0062,99.4422,QC,UNMAPPED -> dropped,no,,,
Hotel / Motel,130,3,AB;NS;ON,0.0061,99.4483,NS,UNMAPPED -> dropped,no,,,
ComFac,128,1,ON,0.006,99.4543,ON,UNMAPPED -> dropped,no,,,
LRT Stations and Shelters,127,1,AB,0.006,99.4603,AB,UNMAPPED -> dropped,no,,,
Hôpital,126,1,QC,0.0059,99.4662,QC,UNMAPPED -> dropped,no,,,
Cemetery,126,3,AB;BC;ON,0.0059,99.4721,ON,UNMAPPED -> dropped,no,,,
Recreation Facility,122,4,BC;NS;ON;SK,0.0057,99.4778,NS,UNMAPPED -> dropped,no,,,
Fish Shed,121,1,NS,0.0057,99.4835,NS,UNMAPPED -> dropped,no,,,
Personal Service,118,1,NS,0.0055,99.489,NS,UNMAPPED -> dropped,no,,,
Medical Office,117,1,NS,0.0055,99.4945,NS,UNMAPPED -> dropped,no,,,
Municipal,116,3,BC;ON;QC,0.0054,99.4999,QC,UNMAPPED -> dropped,no,,,
Apartment Block,113,1,BC,0.0053,99.5052,BC,UNMAPPED -> dropped,no,,,
Auto Dealership,111,2,NB;NS,0.0052,99.5104,NS,UNMAPPED -> dropped,no,,,
Supermarket,111,2,NS;ON,0.0052,99.5156,ON,UNMAPPED -> dropped,no,,,
comm,107,1,BC,0.005,99.5206,BC,UNMAPPED -> dropped,no,,,
Greenhouse / Nursery,105,1,ON,0.0049,99.5255,ON,UNMAPPED -> dropped,no,,,
Golf Course,105,2,BC;ON,0.0049,99.5304,ON,UNMAPPED -> dropped,no,,,
Commerce,103,1,QC,0.0048,99.5352,QC,UNMAPPED -> dropped,no,,,
Point of Interest,103,1,ON,0.0048,99.54,ON,UNMAPPED -> dropped,no,,,
Shelter,101,2,BC;ON,0.0047,99.5447,BC,UNMAPPED -> dropped,no,,,
Shop,101,2,BC;ON,0.0047,99.5494,ON,UNMAPPED -> dropped,no,,,
Hotel,101,4,BC;NB;NT;ON,0.0047,99.5541,BC,UNMAPPED -> dropped,no,,,
Catholic Elementary School,100,1,ON,0.0047,99.5588,ON,UNMAPPED -> dropped,no,,,
Ski,100,1,BC,0.0047,99.5635,BC,UNMAPPED -> dropped,no,,,
Sixplex,100,1,ON,0.0047,99.5682,ON,UNMAPPED -> dropped,no,,,
High-rise Residential,98,1,ON,0.0046,99.5728,ON,UNMAPPED -> dropped,no,,,
Église,98,1,QC,0.0046,99.5774,QC,UNMAPPED -> dropped,no,,,
Residential-High Rise,97,1,BC,0.0046,99.582,BC,UNMAPPED -> dropped,no,,,
Medical,97,2,BC;ON,0.0046,99.5866,ON,UNMAPPED -> dropped,no,,,
Mixed Office / Light Employment,96,1,ON,0.0045,99.5911,ON,UNMAPPED -> dropped,no,,,
Lift Station,95,2,BC;NB,0.0045,99.5956,BC,UNMAPPED -> dropped,no,,,
Nursing Home,95,4,AB;NB;NS;ON,0.0045,99.6001,NS,UNMAPPED -> dropped,no,,,
Serre,92,1,QC,0.0043,99.6044,QC,UNMAPPED -> dropped,no,,,
Hôtel,88,1,QC,0.0041,99.6085,QC,UNMAPPED -> dropped,no,,,
Arena,87,5,AB;BC;NB;ON;SK,0.0041,99.6126,ON,UNMAPPED -> dropped,no,,,
Marina,84,1,ON,0.0039,99.6165,ON,UNMAPPED -> dropped,no,,,
Livestock Shelter,83,1,AB,0.0039,99.6204,AB,UNMAPPED -> dropped,no,,,
Retirement Home,83,1,ON,0.0039,99.6243,ON,UNMAPPED -> dropped,no,,,
Baseball Facility,82,1,ON,0.0038,99.6281,ON,UNMAPPED -> dropped,no,,,
Grain Elevator,81,6,AB;BC;MB;ON;QC;SK,0.0038,99.6319,MB,UNMAPPED -> dropped,no,,,
Religious Structure,81,1,NB,0.0038,99.6357,NB,UNMAPPED -> dropped,no,,,
Seniors Residential Complex,81,1,NS,0.0038,99.6395,NS,UNMAPPED -> dropped,no,,,
Airport Facility,80,2,NB;ON,0.0038,99.6433,NB,UNMAPPED -> dropped,no,,,
High Rise Apartment,79,2,BC;ON,0.0037,99.647,ON,apartment,yes,,,
Chalet,78,1,QC,0.0037,99.6507,QC,UNMAPPED -> dropped,no,,,
Lakeshore Residential Building,76,1,ON,0.0036,99.6543,ON,UNMAPPED -> dropped,no,,,
Recreational,76,1,ON,0.0036,99.6579,ON,UNMAPPED -> dropped,no,,,
Community,75,3,AB;BC;ON,0.0035,99.6614,ON,UNMAPPED -> dropped,no,,,
Fiveplex,73,1,ON,0.0034,99.6648,ON,UNMAPPED -> dropped,no,,,
Museum / Gallery,73,2,BC;ON,0.0034,99.6682,BC,UNMAPPED -> dropped,no,,,
Pump Station,71,1,NS,0.0033,99.6715,NS,UNMAPPED -> dropped,no,,,
Commercial Storage,71,1,NS,0.0033,99.6748,NS,UNMAPPED -> dropped,no,,,
Industriel,71,1,QC,0.0033,99.6781,QC,UNMAPPED -> dropped,no,,,
Bank,70,3,NB;NS;ON,0.0033,99.6814,NS,UNMAPPED -> dropped,no,,,
Agriculture Facility,69,1,NS,0.0032,99.6846,NS,UNMAPPED -> dropped,no,,,
Railroad Facility,68,1,ON,0.0032,99.6878,ON,UNMAPPED -> dropped,no,,,
Pit/Quarry,67,1,ON,0.0031,99.6909,ON,UNMAPPED -> dropped,no,,,
Fire Hall,65,4,AB;BC;NS;ON,0.0031,99.694,BC,UNMAPPED -> dropped,no,,,
Grocery Store,64,2,NB;ON,0.003,99.697,NB,UNMAPPED -> dropped,no,,,
Shopping Mall / Complex,63,2,NB;ON,0.003,99.7,ON,UNMAPPED -> dropped,no,,,
Station de métro,63,1,QC,0.003,99.703,QC,UNMAPPED -> dropped,no,,,
Industrial/General,62,1,AB,0.0029,99.7059,AB,UNMAPPED -> dropped,no,,,
Bâtiment historique / patrimonial,61,1,QC,0.0029,99.7088,QC,UNMAPPED -> dropped,no,,,
Piscine publique,61,1,QC,0.0029,99.7117,QC,UNMAPPED -> dropped,no,,,
Religious Facility,59,1,ON,0.0028,99.7145,ON,UNMAPPED -> dropped,no,,,
Centre communautaire,58,1,QC,0.0027,99.7172,QC,UNMAPPED -> dropped,no,,,
Amenity,58,1,BC,0.0027,99.7199,BC,UNMAPPED -> dropped,no,,,
Théâtre / salle de spectacle / petit lieu de diffusion,57,1,QC,0.0027,99.7226,QC,UNMAPPED -> dropped,no,,,
Fire,57,3,AB;BC;ON,0.0027,99.7253,BC,UNMAPPED -> dropped,no,,,
Studio/Rehearsal,55,1,BC,0.0026,99.7279,BC,UNMAPPED -> dropped,no,,,
Purpose Built,53,1,ON,0.0025,99.7304,ON,UNMAPPED -> dropped,no,,,
Institutionnel,51,1,QC,0.0024,99.7328,QC,UNMAPPED -> dropped,no,,,
Municipal Facility,51,3,AB;NB;ON,0.0024,99.7352,AB,UNMAPPED -> dropped,no,,,
Community Hall,49,3,AB;BC;ON,0.0023,99.7375,AB,UNMAPPED -> dropped,no,,,
General Recreation or Landmark Facility,49,1,ON,0.0023,99.7398,ON,UNMAPPED -> dropped,no,,,
Government Service,47,1,ON,0.0022,99.742,ON,UNMAPPED -> dropped,no,,,
Parcs,46,1,QC,0.0022,99.7442,QC,UNMAPPED -> dropped,no,,,
Mixed Industrial/Commercial,46,1,AB,0.0022,99.7464,AB,UNMAPPED -> dropped,no,,,
Secondary School,46,2,BC;ON,0.0022,99.7486,ON,UNMAPPED -> dropped,no,,,
Police Station,46,6,AB;BC;NB;NS;ON;SK,0.0022,99.7508,ON,UNMAPPED -> dropped,no,,,
Recreation Centre,46,5,AB;BC;NB;NS;ON,0.0022,99.753,AB,UNMAPPED -> dropped,no,,,
Retail,45,1,ON,0.0021,99.7551,ON,commercial,no,,,
Bunkhouse,45,1,ON,0.0021,99.7572,ON,UNMAPPED -> dropped,no,,,
Derelict / Abandoned,45,1,NS,0.0021,99.7593,NS,UNMAPPED -> dropped,no,,,
Fort,45,1,ON,0.0021,99.7614,ON,UNMAPPED -> dropped,no,,,
House,45,1,ON,0.0021,99.7635,ON,residential_single,no,,,
Energy Facility,44,2,NB;ON,0.0021,99.7656,ON,UNMAPPED -> dropped,no,,,
Mixed Use - Residential with Service/Retail/Office,42,1,AB,0.002,99.7676,AB,UNMAPPED -> dropped,no,,,
Institutional Residence / Dorm / Barracks,42,1,ON,0.002,99.7696,ON,UNMAPPED -> dropped,no,,,
Land Use Contract,42,1,BC,0.002,99.7716,BC,UNMAPPED -> dropped,no,,,
Lieu d'interprétation,41,1,QC,0.0019,99.7735,QC,UNMAPPED -> dropped,no,,,
Health or Medical Facility,41,2,NB;ON,0.0019,99.7754,ON,UNMAPPED -> dropped,no,,,
Childcare,41,2,BC;ON,0.0019,99.7773,ON,UNMAPPED -> dropped,no,,,
Musée,40,1,QC,0.0019,99.7792,QC,UNMAPPED -> dropped,no,,,
Senior,40,1,BC,0.0019,99.7811,BC,UNMAPPED -> dropped,no,,,
Water Supply or Treatment Facility,40,2,NB;ON,0.0019,99.783,ON,UNMAPPED -> dropped,no,,,
Community/Recreation Centre,39,1,ON,0.0018,99.7848,ON,UNMAPPED -> dropped,no,,,
Granny Flat,38,1,ON,0.0018,99.7866,ON,UNMAPPED -> dropped,no,,,
Nursing and Retirement Home,38,1,ON,0.0018,99.7884,ON,UNMAPPED -> dropped,no,,,
Treatment Plant,38,1,NS,0.0018,99.7902,NS,UNMAPPED -> dropped,no,,,
Solar Facility,37,1,ON,0.0017,99.7919,ON,UNMAPPED -> dropped,no,,,
Cégep et université,36,1,QC,0.0017,99.7936,QC,UNMAPPED -> dropped,no,,,
Provincial Facility,36,2,NB;ON,0.0017,99.7953,ON,UNMAPPED -> dropped,no,,,
Fish Plant,36,1,NS,0.0017,99.797,NS,UNMAPPED -> dropped,no,,,
Funeral Home,35,3,NB;NS;ON,0.0016,99.7986,NS,UNMAPPED -> dropped,no,,,
Community Resource,35,1,ON,0.0016,99.8002,ON,UNMAPPED -> dropped,no,,,
Recycling Facility,34,2,NS;ON,0.0016,99.8018,NS,UNMAPPED -> dropped,no,,,
Independent School,34,1,BC,0.0016,99.8034,BC,UNMAPPED -> dropped,no,,,
Laboratory/Research,34,1,NS,0.0016,99.805,NS,UNMAPPED -> dropped,no,,,
Police Facility,34,1,ON,0.0016,99.8066,ON,UNMAPPED -> dropped,no,,,
Major Institutional,34,1,ON,0.0016,99.8082,ON,UNMAPPED -> dropped,no,,,
Public Utilities,34,1,AB,0.0016,99.8098,AB,UNMAPPED -> dropped,no,,,
Ski Hill,33,1,ON,0.0015,99.8113,ON,UNMAPPED -> dropped,no,,,
Administrative,33,3,AB;BC;ON,0.0015,99.8128,ON,UNMAPPED -> dropped,no,,,
OS,32,1,ON,0.0015,99.8143,ON,UNMAPPED -> dropped,no,,,
Washroom facility//Toilettes,31,5,AB;NS;ON;QC;YT,0.0015,99.8158,QC,UNMAPPED -> dropped,no,,,
Dup / 4plex,31,1,BC,0.0015,99.8173,BC,UNMAPPED -> dropped,no,,,
Model Home,30,1,ON,0.0014,99.8187,ON,UNMAPPED -> dropped,no,,,
Boarding House,30,1,NS,0.0014,99.8201,NS,UNMAPPED -> dropped,no,,,
Centre sportif intérieur,30,1,QC,0.0014,99.8215,QC,UNMAPPED -> dropped,no,,,
Brewery,30,2,NS;ON,0.0014,99.8229,ON,UNMAPPED -> dropped,no,,,
Public High School,30,2,ON;SK,0.0014,99.8243,ON,UNMAPPED -> dropped,no,,,
Garbage and Recycling,29,1,BC,0.0014,99.8257,BC,UNMAPPED -> dropped,no,,,
Community Space,28,1,BC,0.0013,99.827,BC,UNMAPPED -> dropped,no,,,
Strip Mall,27,1,NS,0.0013,99.8283,NS,UNMAPPED -> dropped,no,,,
Motel,27,1,ON,0.0013,99.8296,ON,UNMAPPED -> dropped,no,,,
Centre de service gouvernemental,27,1,QC,0.0013,99.8309,QC,UNMAPPED -> dropped,no,,,
City,27,1,NT,0.0013,99.8322,NT,UNMAPPED -> dropped,no,,,
Caserne de pompiers,26,1,QC,0.0012,99.8334,QC,UNMAPPED -> dropped,no,,,
Information or Communication Facility,26,2,NB;ON,0.0012,99.8346,ON,UNMAPPED -> dropped,no,,,
Detached Garage + SU,26,1,ON,0.0012,99.8358,ON,UNMAPPED -> dropped,no,,,
UB,26,1,ON,0.0012,99.837,ON,UNMAPPED -> dropped,no,,,
Residential Care Facility,26,1,NS,0.0012,99.8382,NS,UNMAPPED -> dropped,no,,,
Separate Elementary School,25,1,SK,0.0012,99.8394,SK,UNMAPPED -> dropped,no,,,
Veterinary Clinic,25,1,NS,0.0012,99.8406,NS,UNMAPPED -> dropped,no,,,
Adult Residential Facility,25,1,NB,0.0012,99.8418,NB,UNMAPPED -> dropped,no,,,
Health / Medical Facility,25,1,NB,0.0012,99.843,NB,UNMAPPED -> dropped,no,,,
Theatre,25,4,AB;NB;NS;ON,0.0012,99.8442,NB,UNMAPPED -> dropped,no,,,
Police de quartier,25,1,QC,0.0012,99.8454,QC,UNMAPPED -> dropped,no,,,
Other Recreation,25,1,BC,0.0012,99.8466,BC,UNMAPPED -> dropped,no,,,
Bed & Breakfast,24,1,NS,0.0011,99.8477,NS,UNMAPPED -> dropped,no,,,
Fire Station / EMS Station,24,2,NB;ON,0.0011,99.8488,ON,UNMAPPED -> dropped,no,,,
Golf,24,1,BC,0.0011,99.8499,BC,UNMAPPED -> dropped,no,,,
Post Office,24,4,AB;BC;NS;ON,0.0011,99.851,NS,UNMAPPED -> dropped,no,,,
Detached garage,23,1,ON,0.0011,99.8521,ON,UNMAPPED -> dropped,no,,,
Parking Structure,23,1,NS,0.0011,99.8532,NS,UNMAPPED -> dropped,no,,,
Transportation Facility,23,2,NB;ON,0.0011,99.8543,ON,UNMAPPED -> dropped,no,,,
Health Centre,23,1,ON,0.0011,99.8554,ON,UNMAPPED -> dropped,no,,,
D,23,1,ON,0.0011,99.8565,ON,UNMAPPED -> dropped,no,,,
Public Works Depot,23,1,NS,0.0011,99.8576,NS,UNMAPPED -> dropped,no,,,
Emergency,22,1,ON,0.001,99.8586,ON,UNMAPPED -> dropped,no,,,
Cafe,22,1,ON,0.001,99.8596,ON,UNMAPPED -> dropped,no,,,
Multi-Use,22,1,BC,0.001,99.8606,BC,UNMAPPED -> dropped,no,,,
Theatre / Performance,22,1,BC,0.001,99.8616,BC,UNMAPPED -> dropped,no,,,
Alternative Education,22,1,ON,0.001,99.8626,ON,UNMAPPED -> dropped,no,,,
Other Institutional,22,1,AB,0.001,99.8636,AB,UNMAPPED -> dropped,no,,,
Bibliothèque,22,1,QC,0.001,99.8646,QC,UNMAPPED -> dropped,no,,,
Transport,22,1,BC,0.001,99.8656,BC,UNMAPPED -> dropped,no,,,
Aréna,21,1,QC,0.001,99.8666,QC,UNMAPPED -> dropped,no,,,
FD,21,1,ON,0.001,99.8676,ON,UNMAPPED -> dropped,no,,,
Centre commercial,21,1,QC,0.001,99.8686,QC,UNMAPPED -> dropped,no,,,
Prefabricated,21,1,ON,0.001,99.8696,ON,UNMAPPED -> dropped,no,,,
Park Pavilion,21,1,ON,0.001,99.8706,ON,UNMAPPED -> dropped,no,,,
Bibliothèque publique,20,1,QC,0.0009,99.8715,QC,UNMAPPED -> dropped,no,,,
SCHL,20,1,NT,0.0009,99.8724,NT,UNMAPPED -> dropped,no,,,
Airport Support,20,1,NS,0.0009,99.8733,NS,UNMAPPED -> dropped,no,,,
Piscine intérieure,20,1,QC,0.0009,99.8742,QC,UNMAPPED -> dropped,no,,,
Semi-Detached + SU,20,1,ON,0.0009,99.8751,ON,UNMAPPED -> dropped,no,,,
Lumber Mill / Saw Mill,20,2,NS;ON,0.0009,99.876,ON,UNMAPPED -> dropped,no,,,
Grandstand / Stadium,20,1,BC,0.0009,99.8769,BC,UNMAPPED -> dropped,no,,,
Historic Sites,19,1,ON,0.0009,99.8778,ON,UNMAPPED -> dropped,no,,,
Service consulaire,19,1,QC,0.0009,99.8787,QC,UNMAPPED -> dropped,no,,,
Adu,19,1,ON,0.0009,99.8796,ON,UNMAPPED -> dropped,no,,,
G,19,1,ON,0.0009,99.8805,ON,UNMAPPED -> dropped,no,,,
High School,19,1,ON,0.0009,99.8814,ON,UNMAPPED -> dropped,no,,,
University,19,1,ON,0.0009,99.8823,ON,UNMAPPED -> dropped,no,,,
Broiler,18,1,ON,0.0008,99.8831,ON,UNMAPPED -> dropped,no,,,
Park: Municipal,18,1,ON,0.0008,99.8839,ON,UNMAPPED -> dropped,no,,,
Private School,18,2,NS;ON,0.0008,99.8847,NS,UNMAPPED -> dropped,no,,,
Community Pharmacy,18,1,NB,0.0008,99.8855,NB,UNMAPPED -> dropped,no,,,
Art Gallery,18,2,NS;ON,0.0008,99.8863,NS,UNMAPPED -> dropped,no,,,
Emergency Services,17,1,ON,0.0008,99.8871,ON,UNMAPPED -> dropped,no,,,
Department of Community Services Office,17,1,NS,0.0008,99.8879,NS,UNMAPPED -> dropped,no,,,
Salle de spectacle,17,1,QC,0.0008,99.8887,QC,UNMAPPED -> dropped,no,,,
Mixed Use - Residential with Visitor Accommodation,16,1,AB,0.0008,99.8895,AB,UNMAPPED -> dropped,no,,,
Dining,16,1,ON,0.0008,99.8903,ON,UNMAPPED -> dropped,no,,,
Quarry,16,1,NB,0.0008,99.8911,NB,UNMAPPED -> dropped,no,,,
Pool,16,4,BC;NB;NS;ON,0.0008,99.8919,NB,UNMAPPED -> dropped,no,,,
Private Elementary School,16,1,ON,0.0008,99.8927,ON,UNMAPPED -> dropped,no,,,
Federal Government,16,1,NB,0.0008,99.8935,NB,UNMAPPED -> dropped,no,,,
Coverall,15,1,ON,0.0007,99.8942,ON,UNMAPPED -> dropped,no,,,
RCMP STATION,15,1,NS,0.0007,99.8949,NS,UNMAPPED -> dropped,no,,,
Long Term Care,15,1,ON,0.0007,99.8956,ON,UNMAPPED -> dropped,no,,,
Centre d'exposition,15,1,QC,0.0007,99.8963,QC,UNMAPPED -> dropped,no,,,
Attraction,15,1,BC,0.0007,99.897,BC,UNMAPPED -> dropped,no,,,
Low Rise Apartment,15,2,BC;ON,0.0007,99.8977,BC,apartment,yes,,,
Train Station,14,2,BC;ON,0.0007,99.8984,BC,UNMAPPED -> dropped,no,,,
Cafe / Restaurant,14,2,AB;ON,0.0007,99.8991,ON,UNMAPPED -> dropped,no,,,
Financial Institution,14,1,NB,0.0007,99.8998,NB,UNMAPPED -> dropped,no,,,
Public Washroom: Seasonal,14,1,ON,0.0007,99.9005,ON,UNMAPPED -> dropped,no,,,
EMS Station,14,1,ON,0.0007,99.9012,ON,UNMAPPED -> dropped,no,,,
Mining Facility,14,1,NS,0.0007,99.9019,NS,UNMAPPED -> dropped,no,,,
Bar / Restaurant / Performance,14,1,ON,0.0007,99.9026,ON,UNMAPPED -> dropped,no,,,
Seasonal Washroom,14,1,SK,0.0007,99.9033,SK,UNMAPPED -> dropped,no,,,
General Hotel,14,1,ON,0.0007,99.904,ON,UNMAPPED -> dropped,no,,,
Pavilion,14,1,ON,0.0007,99.9047,ON,UNMAPPED -> dropped,no,,,
Community Hall/Centre,13,1,BC,0.0006,99.9053,BC,UNMAPPED -> dropped,no,,,
Warehourse (Retail / Wholesale),13,1,ON,0.0006,99.9059,ON,UNMAPPED -> dropped,no,,,
Nursing Home / Long Term Care,13,1,ON,0.0006,99.9065,ON,UNMAPPED -> dropped,no,,,
Fire Services,13,1,ON,0.0006,99.9071,ON,UNMAPPED -> dropped,no,,,
Power Plant,13,1,NS,0.0006,99.9077,NS,UNMAPPED -> dropped,no,,,
Maintenance Yard,13,1,ON,0.0006,99.9083,ON,UNMAPPED -> dropped,no,,,
Stadium,13,2,AB;BC,0.0006,99.9089,AB,UNMAPPED -> dropped,no,,,
Police,13,4,AB;BC;NB;ON,0.0006,99.9095,NB,UNMAPPED -> dropped,no,,,
Attached Garage,13,1,ON,0.0006,99.9101,ON,UNMAPPED -> dropped,no,,,
Cafe / Restaurant / Bar,13,1,BC,0.0006,99.9107,BC,UNMAPPED -> dropped,no,,,
Special Care Home,12,1,NB,0.0006,99.9113,NB,UNMAPPED -> dropped,no,,,
Water Supply and Treatment,12,1,NB,0.0006,99.9119,NB,UNMAPPED -> dropped,no,,,
Paramedic Base,12,1,NS,0.0006,99.9125,NS,UNMAPPED -> dropped,no,,,
Gallery,12,1,BC,0.0006,99.9131,BC,UNMAPPED -> dropped,no,,,
"Fitness/Recreation, Community Centres",12,1,ON,0.0006,99.9137,ON,UNMAPPED -> dropped,no,,,
Post Secondary Institution,12,1,ON,0.0006,99.9143,ON,UNMAPPED -> dropped,no,,,
Parks Canada offices//Bureaux de Parcs Canada,12,5,AB;BC;NS;ON;QC,0.0006,99.9149,NS,UNMAPPED -> dropped,no,,,
Private Franchise Utilities,12,1,AB,0.0006,99.9155,AB,UNMAPPED -> dropped,no,,,
Operations,12,2,BC;ON,0.0006,99.9161,BC,UNMAPPED -> dropped,no,,,
Correctional Facility,12,3,BC;NS;ON,0.0006,99.9167,ON,UNMAPPED -> dropped,no,,,
Public Elementary (French),12,1,ON,0.0006,99.9173,ON,UNMAPPED -> dropped,no,,,
Event Centre,12,1,NS,0.0006,99.9179,NS,UNMAPPED -> dropped,no,,,
Well Pump House,12,1,ON,0.0006,99.9185,ON,UNMAPPED -> dropped,no,,,
Apartments-Elevators - R5,12,1,AB,0.0006,99.9191,AB,UNMAPPED -> dropped,no,,,
Seniors Residence,12,1,ON,0.0006,99.9197,ON,UNMAPPED -> dropped,no,,,
Railyard,12,1,NB,0.0006,99.9203,NB,UNMAPPED -> dropped,no,,,
Childcare / Daycare Facility,11,1,ON,0.0005,99.9208,ON,UNMAPPED -> dropped,no,,,
Emergency Response / Law Enforcement,11,1,ON,0.0005,99.9213,ON,UNMAPPED -> dropped,no,,,
Homeless Shelter,11,2,NS;ON,0.0005,99.9218,ON,UNMAPPED -> dropped,no,,,
Historic Sites / Government,11,1,ON,0.0005,99.9223,ON,UNMAPPED -> dropped,no,,,
Courthouse,11,3,NB;NS;ON,0.0005,99.9228,NS,UNMAPPED -> dropped,no,,,
College,11,2,NB;ON,0.0005,99.9233,ON,UNMAPPED -> dropped,no,,,
Lighthouse,11,2,NB;NS,0.0005,99.9238,NS,UNMAPPED -> dropped,no,,,
Zoo,11,2,NB;ON,0.0005,99.9243,ON,UNMAPPED -> dropped,no,,,
Édifice administratif,11,1,QC,0.0005,99.9248,QC,UNMAPPED -> dropped,no,,,
Other School,11,1,SK,0.0005,99.9253,SK,UNMAPPED -> dropped,no,,,
Prison / Correctional Facility,11,1,ON,0.0005,99.9258,ON,UNMAPPED -> dropped,no,,,
Ferry Terminal,11,1,NS,0.0005,99.9263,NS,UNMAPPED -> dropped,no,,,
Multi-Use (Commercial / Low Rise Residential),11,1,BC,0.0005,99.9268,BC,UNMAPPED -> dropped,no,,,
Golf Course Facility,11,1,ON,0.0005,99.9273,ON,UNMAPPED -> dropped,no,,,
Inn,11,1,ON,0.0005,99.9278,ON,UNMAPPED -> dropped,no,,,
Womens Prison,11,1,NS,0.0005,99.9283,NS,UNMAPPED -> dropped,no,,,
Water Pumping Station,10,1,ON,0.0005,99.9288,ON,UNMAPPED -> dropped,no,,,
Picnic Area,10,1,ON,0.0005,99.9293,ON,UNMAPPED -> dropped,no,,,
Pharmacy,10,3,NB;NS;ON,0.0005,99.9298,ON,UNMAPPED -> dropped,no,,,
Arts,10,3,AB;BC;ON,0.0005,99.9303,ON,UNMAPPED -> dropped,no,,,
Ambulance Facility,10,1,ON,0.0005,99.9308,ON,UNMAPPED -> dropped,no,,,
Clinique,10,1,QC,0.0005,99.9313,QC,UNMAPPED -> dropped,no,,,
Communication Tower,10,1,ON,0.0005,99.9318,ON,UNMAPPED -> dropped,no,,,
Section 23 Program,10,1,ON,0.0005,99.9323,ON,UNMAPPED -> dropped,no,,,
Catholic School,10,1,ON,0.0005,99.9328,ON,UNMAPPED -> dropped,no,,,
Public Water Supply Well,10,1,ON,0.0005,99.9333,ON,UNMAPPED -> dropped,no,,,
Car Dealership,10,1,NS,0.0005,99.9338,NS,UNMAPPED -> dropped,no,,,
Berge,10,1,QC,0.0005,99.9343,QC,UNMAPPED -> dropped,no,,,
Family Health Teams,9,1,ON,0.0004,99.9347,ON,UNMAPPED -> dropped,no,,,
Federal Facility,9,1,ON,0.0004,99.9351,ON,UNMAPPED -> dropped,no,,,
CHRC,9,1,NT,0.0004,99.9355,NT,UNMAPPED -> dropped,no,,,
Booster Station,9,1,BC,0.0004,99.9359,BC,UNMAPPED -> dropped,no,,,
Apartment (Low Rise),9,1,BC,0.0004,99.9363,BC,UNMAPPED -> dropped,no,,,
Swimming Pool,9,1,BC,0.0004,99.9367,BC,UNMAPPED -> dropped,no,,,
Emergency Medical Services,9,1,ON,0.0004,99.9371,ON,UNMAPPED -> dropped,no,,,
Auberge de jeunesse,9,1,QC,0.0004,99.9375,QC,UNMAPPED -> dropped,no,,,
RCMP,9,1,BC,0.0004,99.9379,BC,UNMAPPED -> dropped,no,,,
Walk-In Clinic,9,2,BC;ON,0.0004,99.9383,ON,UNMAPPED -> dropped,no,,,
Garden Suite,9,1,ON,0.0004,99.9387,ON,UNMAPPED -> dropped,no,,,
Public (school closed),8,1,ON,0.0004,99.9391,ON,UNMAPPED -> dropped,no,,,
Petroleum / Oil / Lubricants Storage Tank,8,1,ON,0.0004,99.9395,ON,UNMAPPED -> dropped,no,,,
Outdoor Storage Yard,8,1,AB,0.0004,99.9399,AB,UNMAPPED -> dropped,no,,,
Supervised,8,1,NS,0.0004,99.9403,NS,UNMAPPED -> dropped,no,,,
Bureau Accès Montréal et bureaux municipaux,8,1,QC,0.0004,99.9407,QC,UNMAPPED -> dropped,no,,,
Historic Site / Point of Interest,8,1,ON,0.0004,99.9411,ON,UNMAPPED -> dropped,no,,,
Government Centre,8,1,ON,0.0004,99.9415,ON,UNMAPPED -> dropped,no,,,
Studio,8,1,BC,0.0004,99.9419,BC,UNMAPPED -> dropped,no,,,
Cinéma,8,1,QC,0.0004,99.9423,QC,UNMAPPED -> dropped,no,,,
Recreation Complex,8,1,AB,0.0004,99.9427,AB,UNMAPPED -> dropped,no,,,
Seniors Centre,8,3,AB;BC;ON,0.0004,99.9431,AB,UNMAPPED -> dropped,no,,,
Adult Learning,8,1,ON,0.0004,99.9435,ON,UNMAPPED -> dropped,no,,,
Water Tower,7,3,AB;NS;ON,0.0003,99.9438,NS,UNMAPPED -> dropped,no,,,
Public Washroom,7,3,AB;NS;ON,0.0003,99.9441,AB,UNMAPPED -> dropped,no,,,
Place of Worship / Performance,7,1,ON,0.0003,99.9444,ON,UNMAPPED -> dropped,no,,,
Place of Worship / Historic Sites,7,1,ON,0.0003,99.9447,ON,UNMAPPED -> dropped,no,,,
Municipal Office,7,1,ON,0.0003,99.945,ON,UNMAPPED -> dropped,no,,,
Municipal Administration,7,1,ON,0.0003,99.9453,ON,UNMAPPED -> dropped,no,,,
General Recreation Facility,7,1,NB,0.0003,99.9456,NB,UNMAPPED -> dropped,no,,,
Education / Performance,7,1,ON,0.0003,99.9459,ON,UNMAPPED -> dropped,no,,,
Medical Clinic,7,1,NS,0.0003,99.9462,NS,UNMAPPED -> dropped,no,,,
Storage Shed,7,1,BC,0.0003,99.9465,BC,UNMAPPED -> dropped,no,,,
Recreational Other,7,1,AB,0.0003,99.9468,AB,UNMAPPED -> dropped,no,,,
Amusement / Water Park,7,1,ON,0.0003,99.9471,ON,UNMAPPED -> dropped,no,,,
Credit Union,7,1,ON,0.0003,99.9474,ON,UNMAPPED -> dropped,no,,,
Recreation and Community Centre,7,1,BC,0.0003,99.9477,BC,UNMAPPED -> dropped,no,,,
Pump House,7,2,BC;ON,0.0003,99.948,ON,UNMAPPED -> dropped,no,,,
Transit,7,1,ON,0.0003,99.9483,ON,UNMAPPED -> dropped,no,,,
Centre sportif,7,1,QC,0.0003,99.9486,QC,UNMAPPED -> dropped,no,,,
Theatre / Opera,7,1,ON,0.0003,99.9489,ON,UNMAPPED -> dropped,no,,,
Synagogue,7,3,BC;ON;QC,0.0003,99.9492,ON,UNMAPPED -> dropped,no,,,
Chapelle,7,1,QC,0.0003,99.9495,QC,UNMAPPED -> dropped,no,,,
Bureau Accès Montréal,7,1,QC,0.0003,99.9498,QC,UNMAPPED -> dropped,no,,,
Ambulance Station,7,1,ON,0.0003,99.9501,ON,UNMAPPED -> dropped,no,,,
Accommodation//Hébergement,7,1,AB,0.0003,99.9504,AB,UNMAPPED -> dropped,no,,,
Catholic Elementary (French),6,1,ON,0.0003,99.9507,ON,UNMAPPED -> dropped,no,,,
Bureau municipal lavallois,6,1,QC,0.0003,99.951,QC,UNMAPPED -> dropped,no,,,
Ambulance,6,2,AB;SK,0.0003,99.9513,SK,UNMAPPED -> dropped,no,,,
Hôtel de ville / mairie,6,1,QC,0.0003,99.9516,QC,UNMAPPED -> dropped,no,,,
Service communautaire,6,1,QC,0.0003,99.9519,QC,UNMAPPED -> dropped,no,,,
Community College/University,6,1,ON,0.0003,99.9522,ON,UNMAPPED -> dropped,no,,,
Single-family semi-detached,6,1,ON,0.0003,99.9525,ON,UNMAPPED -> dropped,no,,,
Sports Complex,6,1,ON,0.0003,99.9528,ON,UNMAPPED -> dropped,no,,,
Centre culturel,6,1,QC,0.0003,99.9531,QC,UNMAPPED -> dropped,no,,,
Sports Facility,6,1,ON,0.0003,99.9534,ON,UNMAPPED -> dropped,no,,,
Spray Paint Operation,6,1,NS,0.0003,99.9537,NS,UNMAPPED -> dropped,no,,,
Salt Dome,6,1,NS,0.0003,99.954,NS,UNMAPPED -> dropped,no,,,
Comfort Station,6,1,ON,0.0003,99.9543,ON,UNMAPPED -> dropped,no,,,
Gymnase,6,1,QC,0.0003,99.9546,QC,UNMAPPED -> dropped,no,,,
Adult Service Centre,6,1,NS,0.0003,99.9549,NS,UNMAPPED -> dropped,no,,,
Heritage properties,6,1,ON,0.0003,99.9552,ON,UNMAPPED -> dropped,no,,,
High Rise Residential,6,1,BC,0.0003,99.9555,BC,UNMAPPED -> dropped,no,,,
Movie Theatre,6,2,BC;NS,0.0003,99.9558,BC,UNMAPPED -> dropped,no,,,
Health,6,1,ON,0.0003,99.9561,ON,UNMAPPED -> dropped,no,,,
Parkade,6,1,BC,0.0003,99.9564,BC,UNMAPPED -> dropped,no,,,
Public Pool,6,1,ON,0.0003,99.9567,ON,UNMAPPED -> dropped,no,,,
GO Station,6,1,ON,0.0003,99.957,ON,UNMAPPED -> dropped,no,,,
Plaza,6,1,ON,0.0003,99.9573,ON,UNMAPPED -> dropped,no,,,
RAIL TERMINAL,6,1,NS,0.0003,99.9576,NS,UNMAPPED -> dropped,no,,,
Armoury,6,2,NS;ON,0.0003,99.9579,NS,UNMAPPED -> dropped,no,,,
Cultural or Heritage,6,1,NB,0.0003,99.9582,NB,UNMAPPED -> dropped,no,,,
Retirement Residence,6,1,ON,0.0003,99.9585,ON,UNMAPPED -> dropped,no,,,
Operations Centre,6,1,BC,0.0003,99.9588,BC,UNMAPPED -> dropped,no,,,
Shopping,5,2,BC;NS,0.0002,99.959,BC,UNMAPPED -> dropped,no,,,
Composting Facility,5,1,NS,0.0002,99.9592,NS,UNMAPPED -> dropped,no,,,
INTAKE,5,1,BC,0.0002,99.9594,BC,UNMAPPED -> dropped,no,,,
Social Services,5,1,NB,0.0002,99.9596,NB,UNMAPPED -> dropped,no,,,
Sports Arena / Stadium,5,2,NB;ON,0.0002,99.9598,ON,UNMAPPED -> dropped,no,,,
Long Term Care Facility,5,1,ON,0.0002,99.96,ON,UNMAPPED -> dropped,no,,,
Caserne de Pompier,5,1,QC,0.0002,99.9602,QC,UNMAPPED -> dropped,no,,,
Bar / Retail,5,1,ON,0.0002,99.9604,ON,UNMAPPED -> dropped,no,,,
Broadcast Studio,5,1,NS,0.0002,99.9606,NS,UNMAPPED -> dropped,no,,,
arm,5,1,ON,0.0002,99.9608,ON,UNMAPPED -> dropped,no,,,
Bus Terminal,5,1,NS,0.0002,99.961,NS,UNMAPPED -> dropped,no,,,
Adult Learning Centre,5,1,ON,0.0002,99.9612,ON,UNMAPPED -> dropped,no,,,
Cafe / Retail,5,1,ON,0.0002,99.9614,ON,UNMAPPED -> dropped,no,,,
Supporting Institution,5,1,ON,0.0002,99.9616,ON,UNMAPPED -> dropped,no,,,
County Building,5,1,AB,0.0002,99.9618,AB,UNMAPPED -> dropped,no,,,
Penitentiary,5,1,ON,0.0002,99.962,ON,UNMAPPED -> dropped,no,,,
"Gallery/Exhibition, Retail",5,1,ON,0.0002,99.9622,ON,UNMAPPED -> dropped,no,,,
Facility,5,1,BC,0.0002,99.9624,BC,UNMAPPED -> dropped,no,,,
Police Services,5,1,ON,0.0002,99.9626,ON,UNMAPPED -> dropped,no,,,
Refuse Facility,5,1,NS,0.0002,99.9628,NS,UNMAPPED -> dropped,no,,,
Archive,5,1,NS,0.0002,99.963,NS,UNMAPPED -> dropped,no,,,
Developmental Building,5,1,ON,0.0002,99.9632,ON,UNMAPPED -> dropped,no,,,
Railway,5,1,AB,0.0002,99.9634,AB,UNMAPPED -> dropped,no,,,
Municipal Hall,5,1,BC,0.0002,99.9636,BC,UNMAPPED -> dropped,no,,,
Museum / Historic Sites,5,1,ON,0.0002,99.9638,ON,UNMAPPED -> dropped,no,,,
MusicDance,5,1,BC,0.0002,99.964,BC,UNMAPPED -> dropped,no,,,
NSCC,5,1,NS,0.0002,99.9642,NS,UNMAPPED -> dropped,no,,,
Peel Living,5,1,ON,0.0002,99.9644,ON,UNMAPPED -> dropped,no,,,
Motel Units,5,1,NS,0.0002,99.9646,NS,UNMAPPED -> dropped,no,,,
Veterinary Hospital / Clinic,5,1,ON,0.0002,99.9648,ON,UNMAPPED -> dropped,no,,,
Waste Management,5,1,NB,0.0002,99.965,NB,UNMAPPED -> dropped,no,,,
Heliport,4,1,AB,0.0002,99.9652,AB,UNMAPPED -> dropped,no,,,
Bar / Restaurant / Performance / Gallery / Exhibition,4,1,ON,0.0002,99.9654,ON,UNMAPPED -> dropped,no,,,
Cafe / Bakery,4,1,ON,0.0002,99.9656,ON,UNMAPPED -> dropped,no,,,
Transit Depot,4,1,NS,0.0002,99.9658,NS,UNMAPPED -> dropped,no,,,
Middle School,4,1,ON,0.0002,99.966,ON,UNMAPPED -> dropped,no,,,
Civic,4,1,BC,0.0002,99.9662,BC,UNMAPPED -> dropped,no,,,
Chemical Facility,4,1,ON,0.0002,99.9664,ON,UNMAPPED -> dropped,no,,,
StrongStart BC,4,1,BC,0.0002,99.9666,BC,UNMAPPED -> dropped,no,,,
Telephone Facility,4,1,ON,0.0002,99.9668,ON,UNMAPPED -> dropped,no,,,
Trailhead Pit Toilet,4,1,AB,0.0002,99.967,AB,UNMAPPED -> dropped,no,,,
Multi-Use (Commercial / Multi-Family),4,1,BC,0.0002,99.9672,BC,UNMAPPED -> dropped,no,,,
Mining Operations,4,1,ON,0.0002,99.9674,ON,UNMAPPED -> dropped,no,,,
Hospital / Medical Centre,4,1,ON,0.0002,99.9676,ON,UNMAPPED -> dropped,no,,,
Organization,4,1,BC,0.0002,99.9678,BC,UNMAPPED -> dropped,no,,,
General Administration,4,1,ON,0.0002,99.968,ON,UNMAPPED -> dropped,no,,,
Service / Édifice municipal,4,1,QC,0.0002,99.9682,QC,UNMAPPED -> dropped,no,,,
Separate High School,4,1,SK,0.0002,99.9684,SK,UNMAPPED -> dropped,no,,,
Clubhouse,4,1,ON,0.0002,99.9686,ON,UNMAPPED -> dropped,no,,,
Coffee shop//Casse-croûte,4,2,AB;QC,0.0002,99.9688,QC,UNMAPPED -> dropped,no,,,
Ice Arena,4,1,ON,0.0002,99.969,ON,UNMAPPED -> dropped,no,,,
Aquaculture Facility,4,1,NS,0.0002,99.9692,NS,UNMAPPED -> dropped,no,,,
Curling Club,4,3,NS;ON;SK,0.0002,99.9694,SK,UNMAPPED -> dropped,no,,,
Fire Department,4,2,BC;ON,0.0002,99.9696,BC,UNMAPPED -> dropped,no,,,
Fire Management Headquarters,4,1,ON,0.0002,99.9698,ON,UNMAPPED -> dropped,no,,,
Performance Space - Indoor Venue,4,1,BC,0.0002,99.97,BC,UNMAPPED -> dropped,no,,,
Outpatient Clinic,4,1,ON,0.0002,99.9702,ON,UNMAPPED -> dropped,no,,,
Gare de train,4,1,QC,0.0002,99.9704,QC,UNMAPPED -> dropped,no,,,
Family Resource Centre,4,1,ON,0.0002,99.9706,ON,UNMAPPED -> dropped,no,,,
Public Operations,4,1,AB,0.0002,99.9708,AB,UNMAPPED -> dropped,no,,,
Unique Store,4,1,AB,0.0002,99.971,AB,UNMAPPED -> dropped,no,,,
Trucking Firm,4,1,ON,0.0002,99.9712,ON,UNMAPPED -> dropped,no,,,
Bar / Performance,4,1,ON,0.0002,99.9714,ON,UNMAPPED -> dropped,no,,,
Education / Retail,4,1,ON,0.0002,99.9716,ON,UNMAPPED -> dropped,no,,,
Poste de police de quartier,4,1,QC,0.0002,99.9718,QC,UNMAPPED -> dropped,no,,,
Arts Centre,4,3,AB;NB;ON,0.0002,99.972,AB,UNMAPPED -> dropped,no,,,
Recycling Depot,4,2,BC;ON,0.0002,99.9722,ON,UNMAPPED -> dropped,no,,,
Parking Lot Structure / Garage,4,1,ON,0.0002,99.9724,ON,UNMAPPED -> dropped,no,,,
County Department Office,4,1,AB,0.0002,99.9726,AB,UNMAPPED -> dropped,no,,,
Historic Sites / Park,3,1,ON,0.0001,99.9727,ON,UNMAPPED -> dropped,no,,,
Care Occupancy,3,1,ON,0.0001,99.9728,ON,UNMAPPED -> dropped,no,,,
Centre de récupération et de tri,3,1,QC,0.0001,99.9729,QC,UNMAPPED -> dropped,no,,,
Palais de justice / cour,3,1,QC,0.0001,99.973,QC,UNMAPPED -> dropped,no,,,
Ontario Works/Social Housing/Child Services,3,1,ON,0.0001,99.9731,ON,UNMAPPED -> dropped,no,,,
Hockey Arena,3,1,ON,0.0001,99.9732,ON,UNMAPPED -> dropped,no,,,
Catholic High School,3,1,ON,0.0001,99.9733,ON,UNMAPPED -> dropped,no,,,
Cafe / Restaurant / Retail,3,1,ON,0.0001,99.9734,ON,UNMAPPED -> dropped,no,,,
Bank of Canada,3,1,ON,0.0001,99.9735,ON,UNMAPPED -> dropped,no,,,
Bus Station / Dispatch Facility,3,1,ON,0.0001,99.9736,ON,UNMAPPED -> dropped,no,,,
City Facility,3,1,ON,0.0001,99.9737,ON,UNMAPPED -> dropped,no,,,
Care and Treatment Occupancy,3,1,ON,0.0001,99.9738,ON,UNMAPPED -> dropped,no,,,
Stables,3,2,BC;ON,0.0001,99.9739,BC,UNMAPPED -> dropped,no,,,
Legislative,3,2,BC;NS,0.0001,99.974,NS,UNMAPPED -> dropped,no,,,
Water Reservoir,3,1,BC,0.0001,99.9741,BC,UNMAPPED -> dropped,no,,,
Workshop,3,2,BC;ON,0.0001,99.9742,BC,UNMAPPED -> dropped,no,,,
Library / Museum / Theatre,3,1,BC,0.0001,99.9743,BC,UNMAPPED -> dropped,no,,,
Information Centre,3,2,BC;NS,0.0001,99.9744,BC,UNMAPPED -> dropped,no,,,
Public Works Garage,3,1,ON,0.0001,99.9745,ON,UNMAPPED -> dropped,no,,,
Radio / TV Broadcast Facility,3,2,NB;ON,0.0001,99.9746,NB,UNMAPPED -> dropped,no,,,
Employment Services,3,2,NB;ON,0.0001,99.9747,NB,UNMAPPED -> dropped,no,,,
Floating Dock,3,1,BC,0.0001,99.9748,BC,UNMAPPED -> dropped,no,,,
Frm,3,1,ON,0.0001,99.9749,ON,UNMAPPED -> dropped,no,,,
EarlyON,3,1,ON,0.0001,99.975,ON,UNMAPPED -> dropped,no,,,
Library / Government,3,1,ON,0.0001,99.9751,ON,UNMAPPED -> dropped,no,,,
Bar,3,1,ON,0.0001,99.9752,ON,UNMAPPED -> dropped,no,,,
Elementary and Secondary School,3,1,ON,0.0001,99.9753,ON,UNMAPPED -> dropped,no,,,
Manufacturing Facility,3,1,ON,0.0001,99.9754,ON,UNMAPPED -> dropped,no,,,
Doctors Office,3,1,BC,0.0001,99.9755,BC,UNMAPPED -> dropped,no,,,
Dry Cleaning,3,1,NS,0.0001,99.9756,NS,UNMAPPED -> dropped,no,,,
Future Development Building,3,1,ON,0.0001,99.9757,ON,UNMAPPED -> dropped,no,,,
Poste de police,3,1,QC,0.0001,99.9758,QC,UNMAPPED -> dropped,no,,,
Medical Facility,3,1,NB,0.0001,99.9759,NB,UNMAPPED -> dropped,no,,,
Retail / Education / Event,3,1,ON,0.0001,99.976,ON,UNMAPPED -> dropped,no,,,
Garden Centre Greenhouse,3,1,AB,0.0001,99.9761,AB,UNMAPPED -> dropped,no,,,
Gare,3,1,QC,0.0001,99.9762,QC,UNMAPPED -> dropped,no,,,
"Restaurant, Bar, Historic Sites",3,1,ON,0.0001,99.9763,ON,UNMAPPED -> dropped,no,,,
Cottage,3,1,ON,0.0001,99.9764,ON,UNMAPPED -> dropped,no,,,
Concession,3,1,BC,0.0001,99.9765,BC,UNMAPPED -> dropped,no,,,
Community Services Agency,3,1,ON,0.0001,99.9766,ON,UNMAPPED -> dropped,no,,,
Cour municipale,3,1,QC,0.0001,99.9767,QC,UNMAPPED -> dropped,no,,,
Community Centre / Fitness / Recreation,3,1,ON,0.0001,99.9768,ON,UNMAPPED -> dropped,no,,,
General Residential,3,1,ON,0.0001,99.9769,ON,UNMAPPED -> dropped,no,,,
Genearl,3,1,ON,0.0001,99.977,ON,UNMAPPED -> dropped,no,,,
Government / Historic Sites,3,1,ON,0.0001,99.9771,ON,UNMAPPED -> dropped,no,,,
Child Care Centre/Preschool,3,1,ON,0.0001,99.9772,ON,UNMAPPED -> dropped,no,,,
Paper / Pulp Mill,3,1,ON,0.0001,99.9773,ON,UNMAPPED -> dropped,no,,,
Community/Rec Centre - City,3,1,ON,0.0001,99.9774,ON,UNMAPPED -> dropped,no,,,
Art Centre,3,1,BC,0.0001,99.9775,BC,UNMAPPED -> dropped,no,,,
Animal Shelter,3,3,AB;BC;ON,0.0001,99.9776,ON,UNMAPPED -> dropped,no,,,
Mental Health,3,1,ON,0.0001,99.9777,ON,UNMAPPED -> dropped,no,,,
Historic Sites / Education,3,1,ON,0.0001,99.9778,ON,UNMAPPED -> dropped,no,,,
Medical Centre,3,1,ON,0.0001,99.9779,ON,UNMAPPED -> dropped,no,,,
Railroad Station,3,1,ON,0.0001,99.978,ON,UNMAPPED -> dropped,no,,,
RAMP,3,1,BC,0.0001,99.9781,BC,UNMAPPED -> dropped,no,,,
Service-Transportation,3,1,ON,0.0001,99.9782,ON,UNMAPPED -> dropped,no,,,
Local Commercial,3,1,AB,0.0001,99.9783,AB,UNMAPPED -> dropped,no,,,
HRP SATELLITE,3,1,NS,0.0001,99.9784,NS,UNMAPPED -> dropped,no,,,
Single Family Semi-Detached Home,3,1,ON,0.0001,99.9785,ON,UNMAPPED -> dropped,no,,,
Seaplane Anchorage / Aerodrome,3,1,ON,0.0001,99.9786,ON,UNMAPPED -> dropped,no,,,
Casino,2,2,NB;ON,0.0001,99.9787,ON,UNMAPPED -> dropped,no,,,
Centres et galeries d'art,2,1,QC,0.0001,99.9788,QC,UNMAPPED -> dropped,no,,,
Montessori School,2,1,ON,0.0001,99.9789,ON,UNMAPPED -> dropped,no,,,
Mosque,2,2,BC;ON,0.0001,99.979,BC,UNMAPPED -> dropped,no,,,
Multi Commercial,2,1,NS,0.0001,99.9791,NS,UNMAPPED -> dropped,no,,,
Laundromat,2,1,NS,0.0001,99.9792,NS,UNMAPPED -> dropped,no,,,
Academic Institution,2,1,ON,0.0001,99.9793,ON,UNMAPPED -> dropped,no,,,
Aerospace,2,1,NB,0.0001,99.9794,NB,UNMAPPED -> dropped,no,,,
Law Enforcement,2,1,ON,0.0001,99.9795,ON,UNMAPPED -> dropped,no,,,
Legion,2,1,NS,0.0001,99.9796,NS,UNMAPPED -> dropped,no,,,
Bar / Restaurant / Retail,2,1,ON,0.0001,99.9797,ON,UNMAPPED -> dropped,no,,,
Accessory Dwelling Unit,2,1,ON,0.0001,99.9798,ON,UNMAPPED -> dropped,no,,,
Aircraft Maintenance Facility,2,1,ON,0.0001,99.9799,ON,UNMAPPED -> dropped,no,,,
Mid Rise Apartment,2,1,BC,0.0001,99.98,BC,UNMAPPED -> dropped,no,,,
Multi-Use (Commercial / High Rise Residential),2,1,BC,0.0001,99.9801,BC,UNMAPPED -> dropped,no,,,
COOP,2,1,ON,0.0001,99.9802,ON,UNMAPPED -> dropped,no,,,
Change Room,2,1,BC,0.0001,99.9803,BC,UNMAPPED -> dropped,no,,,
Cafe / Bar / Performance / Retail,2,1,ON,0.0001,99.9804,ON,UNMAPPED -> dropped,no,,,
Church Hall,2,1,NS,0.0001,99.9805,NS,UNMAPPED -> dropped,no,,,
Church: Chapel,2,1,ON,0.0001,99.9806,ON,UNMAPPED -> dropped,no,,,
Municipal Operations,2,1,ON,0.0001,99.9807,ON,UNMAPPED -> dropped,no,,,
Military Facility,2,1,NB,0.0001,99.9808,NB,UNMAPPED -> dropped,no,,,
HOSP,2,1,NT,0.0001,99.9809,NT,UNMAPPED -> dropped,no,,,
Gymnasium,2,1,ON,0.0001,99.981,ON,UNMAPPED -> dropped,no,,,
Grocery Store / Big Box Store,2,1,NB,0.0001,99.9811,NB,UNMAPPED -> dropped,no,,,
Museum & Archives,2,1,ON,0.0001,99.9812,ON,UNMAPPED -> dropped,no,,,
HRP COMMUNITY,2,1,NS,0.0001,99.9813,NS,UNMAPPED -> dropped,no,,,
S,2,1,ON,0.0001,99.9814,ON,UNMAPPED -> dropped,no,,,
Paramedic,2,1,ON,0.0001,99.9815,ON,UNMAPPED -> dropped,no,,,
Continuing / Community Education,2,1,ON,0.0001,99.9816,ON,UNMAPPED -> dropped,no,,,
Retreat/Spa,2,1,AB,0.0001,99.9817,AB,UNMAPPED -> dropped,no,,,
Cultural Centre,2,1,ON,0.0001,99.9818,ON,UNMAPPED -> dropped,no,,,
Sawmill - Medium,2,1,ON,0.0001,99.9819,ON,UNMAPPED -> dropped,no,,,
"Gallery/Exhibition, Education",2,1,ON,0.0001,99.982,ON,UNMAPPED -> dropped,no,,,
Chicken Coop,2,1,ON,0.0001,99.9821,ON,UNMAPPED -> dropped,no,,,
Information and Communication,2,1,NB,0.0001,99.9822,NB,UNMAPPED -> dropped,no,,,
Services publics et sociaux,2,1,QC,0.0001,99.9823,QC,UNMAPPED -> dropped,no,,,
Justice,2,1,BC,0.0001,99.9824,BC,UNMAPPED -> dropped,no,,,
Social,2,1,ON,0.0001,99.9825,ON,UNMAPPED -> dropped,no,,,
OPP,2,1,ON,0.0001,99.9826,ON,UNMAPPED -> dropped,no,,,
Natural Gas Facility,2,1,ON,0.0001,99.9827,ON,UNMAPPED -> dropped,no,,,
Hazard Land Building,2,1,ON,0.0001,99.9828,ON,UNMAPPED -> dropped,no,,,
Ops Training,2,1,ON,0.0001,99.9829,ON,UNMAPPED -> dropped,no,,,
General / Residential,2,1,ON,0.0001,99.983,ON,UNMAPPED -> dropped,no,,,
Liquor Store,2,1,NB,0.0001,99.9831,NB,UNMAPPED -> dropped,no,,,
Service-Other,2,1,ON,0.0001,99.9832,ON,UNMAPPED -> dropped,no,,,
Community Health Centre,2,1,ON,0.0001,99.9833,ON,UNMAPPED -> dropped,no,,,
Community Access Station,2,1,BC,0.0001,99.9834,BC,UNMAPPED -> dropped,no,,,
Crematorium,2,1,NS,0.0001,99.9835,NS,UNMAPPED -> dropped,no,,,
Court,2,2,AB;ON,0.0001,99.9836,AB,UNMAPPED -> dropped,no,,,
Dental Facility,2,1,ON,0.0001,99.9837,ON,UNMAPPED -> dropped,no,,,
Regional Rehabilitation Centre,2,1,NS,0.0001,99.9838,NS,UNMAPPED -> dropped,no,,,
Rehabilitation Centre,2,2,NB;ON,0.0001,99.9839,ON,UNMAPPED -> dropped,no,,,
Residential/Commercial,2,1,NB,0.0001,99.984,NB,UNMAPPED -> dropped,no,,,
Resort Residential Accessory,2,1,ON,0.0001,99.9841,ON,UNMAPPED -> dropped,no,,,
Performance / Retail,2,1,ON,0.0001,99.9842,ON,UNMAPPED -> dropped,no,,,
Retail / Education,2,1,ON,0.0001,99.9843,ON,UNMAPPED -> dropped,no,,,
Financial Services Company,2,1,ON,0.0001,99.9844,ON,UNMAPPED -> dropped,no,,,
Pier,2,1,BC,0.0001,99.9845,BC,UNMAPPED -> dropped,no,,,
Fitness/Recreation,2,1,ON,0.0001,99.9846,ON,UNMAPPED -> dropped,no,,,
Food Bank,2,2,NS;ON,0.0001,99.9847,NS,UNMAPPED -> dropped,no,,,
Food Industry Facility,2,1,ON,0.0001,99.9848,ON,UNMAPPED -> dropped,no,,,
CulturalIndustries,2,1,BC,0.0001,99.9849,BC,UNMAPPED -> dropped,no,,,
Curling Facility,2,1,ON,0.0001,99.985,ON,UNMAPPED -> dropped,no,,,
Performing Arts / Theatres,2,1,ON,0.0001,99.9851,ON,UNMAPPED -> dropped,no,,,
Apartment (High Rise),2,1,BC,0.0001,99.9852,BC,UNMAPPED -> dropped,no,,,
Independent,2,1,BC,0.0001,99.9853,BC,UNMAPPED -> dropped,no,,,
Duplex + SU,2,1,ON,0.0001,99.9854,ON,UNMAPPED -> dropped,no,,,
Market,2,1,ON,0.0001,99.9855,ON,UNMAPPED -> dropped,no,,,
Family and Children Services,2,1,ON,0.0001,99.9856,ON,UNMAPPED -> dropped,no,,,
Recycling,2,1,BC,0.0001,99.9857,BC,UNMAPPED -> dropped,no,,,
Dock Ramp,2,1,BC,0.0001,99.9858,BC,UNMAPPED -> dropped,no,,,
Energy,2,1,NB,0.0001,99.9859,NB,UNMAPPED -> dropped,no,,,
Automotive Manufacturing Facility,2,1,ON,0.0001,99.986,ON,UNMAPPED -> dropped,no,,,
EHS,2,1,NS,0.0001,99.9861,NS,UNMAPPED -> dropped,no,,,
Enloquéceme,2,1,ON,0.0001,99.9862,ON,UNMAPPED -> dropped,no,,,
Public Washroom: Year-round,2,1,ON,0.0001,99.9863,ON,UNMAPPED -> dropped,no,,,
Public Health Office,2,1,ON,0.0001,99.9864,ON,UNMAPPED -> dropped,no,,,
Indéfini,2,1,QC,0.0001,99.9865,QC,UNMAPPED -> dropped,no,,,
Transportation,2,1,ON,0.0001,99.9866,ON,UNMAPPED -> dropped,no,,,
Youth Centre,2,1,BC,0.0001,99.9867,BC,UNMAPPED -> dropped,no,,,
Winter warming hut//Abri hivernal,2,1,QC,0.0001,99.9868,QC,UNMAPPED -> dropped,no,,,
Weigh Station / Inspection Station,1,1,ON,0.0,99.9868,ON,UNMAPPED -> dropped,no,,,
Wilderness Centre,1,1,ON,0.0,99.9868,ON,UNMAPPED -> dropped,no,,,
Winery,1,1,ON,0.0,99.9868,ON,UNMAPPED -> dropped,no,,,
YMCA,1,1,ON,0.0,99.9868,ON,UNMAPPED -> dropped,no,,,
Youth Services,1,1,NB,0.0,99.9868,NB,UNMAPPED -> dropped,no,,,
Waste Transfer Station,1,1,AB,0.0,99.9868,AB,UNMAPPED -> dropped,no,,,
Water Purification Plant,1,1,ON,0.0,99.9868,ON,UNMAPPED -> dropped,no,,,
Banking or Finance Facility,1,1,ON,0.0,99.9868,ON,UNMAPPED -> dropped,no,,,
Bar / Cafe,1,1,ON,0.0,99.9868,ON,UNMAPPED -> dropped,no,,,
Bar / Cafe / Restaurant / Performance,1,1,ON,0.0,99.9868,ON,UNMAPPED -> dropped,no,,,
Information,1,1,AB,0.0,99.9868,AB,UNMAPPED -> dropped,no,,,
Business and Personal Services,1,1,ON,0.0,99.9868,ON,UNMAPPED -> dropped,no,,,
C,1,1,ON,0.0,99.9868,ON,UNMAPPED -> dropped,no,,,
Bar / Restaurant / Retail / Performance,1,1,ON,0.0,99.9868,ON,UNMAPPED -> dropped,no,,,
Bed and Breakfast,1,1,AB,0.0,99.9868,AB,UNMAPPED -> dropped,no,,,
Bowling Alley,1,1,NS,0.0,99.9868,NS,UNMAPPED -> dropped,no,,,
Tunnel,1,1,ON,0.0,99.9868,ON,UNMAPPED -> dropped,no,,,
Urgent Care,1,1,ON,0.0,99.9868,ON,UNMAPPED -> dropped,no,,,
armGeneral/Residential,1,1,ON,0.0,99.9868,ON,UNMAPPED -> dropped,no,,,
Public Secondary School,1,1,ON,0.0,99.9868,ON,UNMAPPED -> dropped,no,,,
Public Transportation Facility,1,1,ON,0.0,99.9868,ON,UNMAPPED -> dropped,no,,,
Pulp / Paper / Paperboard,1,1,ON,0.0,99.9868,ON,UNMAPPED -> dropped,no,,,
Pump Building,1,1,NB,0.0,99.9868,NB,UNMAPPED -> dropped,no,,,
QUINSET,1,1,ON,0.0,99.9868,ON,UNMAPPED -> dropped,no,,,
RECC,1,1,NS,0.0,99.9868,NS,UNMAPPED -> dropped,no,,,
Educatioinal,1,1,ON,0.0,99.9868,ON,UNMAPPED -> dropped,no,,,
Education / Fitness / Recreation,1,1,ON,0.0,99.9868,ON,UNMAPPED -> dropped,no,,,
Education / Gallery / Exhibition,1,1,ON,0.0,99.9868,ON,UNMAPPED -> dropped,no,,,
Arts Program Facility,1,1,AB,0.0,99.9868,AB,UNMAPPED -> dropped,no,,,
Auditorium / Concert Hall,1,1,ON,0.0,99.9868,ON,UNMAPPED -> dropped,no,,,
Autre,1,1,QC,0.0,99.9868,QC,UNMAPPED -> dropped,no,,,
Backyard Suite,1,1,NS,0.0,99.9868,NS,UNMAPPED -> dropped,no,,,
Bank and Offices,1,1,NS,0.0,99.9868,NS,UNMAPPED -> dropped,no,,,
Faarm,1,1,ON,0.0,99.9868,ON,UNMAPPED -> dropped,no,,,
Enforcement and Bylaw,1,1,ON,0.0,99.9868,ON,UNMAPPED -> dropped,no,,,
Event / Education,1,1,ON,0.0,99.9868,ON,UNMAPPED -> dropped,no,,,
FRENCH SEPARATE ELEMENTARY,1,1,ON,0.0,99.9868,ON,UNMAPPED -> dropped,no,,,
Arts Booking Facility,1,1,AB,0.0,99.9868,AB,UNMAPPED -> dropped,no,,,
Public Health,1,1,ON,0.0,99.9868,ON,UNMAPPED -> dropped,no,,,
Education / Government / Historic Sites / Library,1,1,ON,0.0,99.9868,ON,UNMAPPED -> dropped,no,,,
Education / Museum / Historic Sites,1,1,ON,0.0,99.9868,ON,UNMAPPED -> dropped,no,,,
Educationsl,1,1,ON,0.0,99.9868,ON,UNMAPPED -> dropped,no,,,
Electric Facility,1,1,ON,0.0,99.9868,ON,UNMAPPED -> dropped,no,,,
Recreation Centre/Ice Arena,1,1,AB,0.0,99.9868,AB,UNMAPPED -> dropped,no,,,
Recycling Centre,1,1,ON,0.0,99.9868,ON,UNMAPPED -> dropped,no,,,
Detached Suite,1,1,BC,0.0,99.9868,BC,UNMAPPED -> dropped,no,,,
Distillery,1,1,NS,0.0,99.9868,NS,UNMAPPED -> dropped,no,,,
Drinking water processing plant//Usine de traitement des eaux,1,1,ON,0.0,99.9868,ON,UNMAPPED -> dropped,no,,,
Indoor Swimming Pool,1,1,ON,0.0,99.9868,ON,UNMAPPED -> dropped,no,,,
Major Shopping,1,1,BC,0.0,99.9868,BC,UNMAPPED -> dropped,no,,,
Mall,1,1,NS,0.0,99.9868,NS,UNMAPPED -> dropped,no,,,
Manufacturing Warehouse,1,1,ON,0.0,99.9868,ON,UNMAPPED -> dropped,no,,,
Medical Facility/Offices,1,1,ON,0.0,99.9868,ON,UNMAPPED -> dropped,no,,,
Medical Testing / ISenses / Immunization,1,1,BC,0.0,99.9868,BC,UNMAPPED -> dropped,no,,,
Medium Hazard Industrial,1,1,ON,0.0,99.9868,ON,UNMAPPED -> dropped,no,,,
Farmers Market,1,1,NS,0.0,99.9868,NS,UNMAPPED -> dropped,no,,,
Fire / Life Safety Education,1,1,ON,0.0,99.9868,ON,UNMAPPED -> dropped,no,,,
Private High School,1,1,ON,0.0,99.9868,ON,UNMAPPED -> dropped,no,,,
Private Irrigation Utilities,1,1,AB,0.0,99.9868,AB,UNMAPPED -> dropped,no,,,
Private and Express Shipping Facility,1,1,ON,0.0,99.9868,ON,UNMAPPED -> dropped,no,,,
Processing Facility,1,1,ON,0.0,99.9868,ON,UNMAPPED -> dropped,no,,,
Professional Centre,1,1,NS,0.0,99.9868,NS,UNMAPPED -> dropped,no,,,
Provincial Government Offices,1,1,ON,0.0,99.9868,ON,UNMAPPED -> dropped,no,,,
Provincial Logistics Centre,1,1,ON,0.0,99.9868,ON,UNMAPPED -> dropped,no,,,
Psychiatric Treatment Facility,1,1,NB,0.0,99.9868,NB,UNMAPPED -> dropped,no,,,
Historic Sites / Library,1,1,ON,0.0,99.9868,ON,UNMAPPED -> dropped,no,,,
Historic Sites / Museum,1,1,ON,0.0,99.9868,ON,UNMAPPED -> dropped,no,,,
ECOLE ACADIENNE,1,1,NS,0.0,99.9868,NS,UNMAPPED -> dropped,no,,,
Arboretum / Botanical Garden,1,1,ON,0.0,99.9868,ON,UNMAPPED -> dropped,no,,,
Art Museum,1,1,ON,0.0,99.9868,ON,UNMAPPED -> dropped,no,,,
Recycling Station,1,1,AB,0.0,99.9868,AB,UNMAPPED -> dropped,no,,,
Cultural Services,1,1,ON,0.0,99.9868,ON,UNMAPPED -> dropped,no,,,
Cultural Spaces and Facilities,1,1,ON,0.0,99.9868,ON,UNMAPPED -> dropped,no,,,
"Performance, Gallery/Exhibition, Museum",1,1,ON,0.0,99.9868,ON,UNMAPPED -> dropped,no,,,
Former Elementary School,1,1,NB,0.0,99.9868,NB,UNMAPPED -> dropped,no,,,
Police Office,1,1,NB,0.0,99.9868,NB,UNMAPPED -> dropped,no,,,
Port Facility,1,1,ON,0.0,99.9868,ON,UNMAPPED -> dropped,no,,,
Port Facility: Passenger Terminal,1,1,ON,0.0,99.9868,ON,UNMAPPED -> dropped,no,,,
Post-Secondary Education,1,1,ON,0.0,99.9868,ON,UNMAPPED -> dropped,no,,,
Poste de distribution utilités publiques,1,1,QC,0.0,99.9868,QC,UNMAPPED -> dropped,no,,,
DND / Military Facility,1,1,ON,0.0,99.9868,ON,UNMAPPED -> dropped,no,,,
Detachd garage,1,1,ON,0.0,99.9868,ON,UNMAPPED -> dropped,no,,,
Refinery,1,1,NS,0.0,99.9868,NS,UNMAPPED -> dropped,no,,,
Regional Fire Management Centre,1,1,ON,0.0,99.9868,ON,UNMAPPED -> dropped,no,,,
Resort Residential Dwelling,1,1,ON,0.0,99.9868,ON,UNMAPPED -> dropped,no,,,
"Restaurant, Bar, Gallery/Exhibition",1,1,ON,0.0,99.9868,ON,UNMAPPED -> dropped,no,,,
"Restaurant, Bar, Performance",1,1,ON,0.0,99.9868,ON,UNMAPPED -> dropped,no,,,
"Restaurant, Cafe, Bar, Performance",1,1,ON,0.0,99.9868,ON,UNMAPPED -> dropped,no,,,
"Restaurant, Cafe, Performance",1,1,ON,0.0,99.9868,ON,UNMAPPED -> dropped,no,,,
"Restaurant, Education",1,1,ON,0.0,99.9868,ON,UNMAPPED -> dropped,no,,,
Performance / Community Centre,1,1,ON,0.0,99.9868,ON,UNMAPPED -> dropped,no,,,
Performance / Education,1,1,ON,0.0,99.9868,ON,UNMAPPED -> dropped,no,,,
"Gallery/Exhibition, Creation, Education",1,1,ON,0.0,99.9868,ON,UNMAPPED -> dropped,no,,,
"Gallery/Exhibition, Creation, Retail, Education",1,1,ON,0.0,99.9868,ON,UNMAPPED -> dropped,no,,,
"Gallery/Exhibition, Event, Education",1,1,ON,0.0,99.9868,ON,UNMAPPED -> dropped,no,,,
"Gallery/Exhibition, Museum, Retail, Education",1,1,ON,0.0,99.9868,ON,UNMAPPED -> dropped,no,,,
"Gallery/Exhibition, Performance, Retail, Rehearsal, Creation",1,1,ON,0.0,99.9868,ON,UNMAPPED -> dropped,no,,,
"Gallery/Exhibition, Retail, Creation",1,1,ON,0.0,99.9868,ON,UNMAPPED -> dropped,no,,,
"Gallery/Exhibition, Retail, Creation, Education",1,1,ON,0.0,99.9868,ON,UNMAPPED -> dropped,no,,,
Performance Space - Outdoor Venue,1,1,BC,0.0,99.9868,BC,UNMAPPED -> dropped,no,,,
"Restaurant, Performance",1,1,ON,0.0,99.9868,ON,UNMAPPED -> dropped,no,,,
"Restaurant, Retail",1,1,ON,0.0,99.9868,ON,UNMAPPED -> dropped,no,,,
Retail / Cafe,1,1,ON,0.0,99.9868,ON,UNMAPPED -> dropped,no,,,
Retail / Performance / Park,1,1,ON,0.0,99.9868,ON,UNMAPPED -> dropped,no,,,
County Office,1,1,AB,0.0,99.9868,AB,UNMAPPED -> dropped,no,,,
Creation / Education / Gallery / Exhibition,1,1,ON,0.0,99.9868,ON,UNMAPPED -> dropped,no,,,
Creation / Historic Sites / Education / Event,1,1,ON,0.0,99.9868,ON,UNMAPPED -> dropped,no,,,
Golf Club,1,1,NS,0.0,99.9868,NS,UNMAPPED -> dropped,no,,,
Outdoor Theatre / Amphitheatre,1,1,ON,0.0,99.9868,ON,UNMAPPED -> dropped,no,,,
POLC,1,1,NT,0.0,99.9868,NT,UNMAPPED -> dropped,no,,,
Pagoda,1,1,ON,0.0,99.9868,ON,UNMAPPED -> dropped,no,,,
Paramedic Facilities - Satellite Station,1,1,ON,0.0,99.9868,ON,UNMAPPED -> dropped,no,,,
Park Operations Centre,1,1,ON,0.0,99.9868,ON,UNMAPPED -> dropped,no,,,
Park Shelter,1,1,NS,0.0,99.9868,NS,UNMAPPED -> dropped,no,,,
Parking,1,1,ON,0.0,99.9868,ON,UNMAPPED -> dropped,no,,,
Parking Shelter,1,1,ON,0.0,99.9868,ON,UNMAPPED -> dropped,no,,,
Parks and Rec Maintenance Shed,1,1,NS,0.0,99.9868,NS,UNMAPPED -> dropped,no,,,
Peel Builds,1,1,ON,0.0,99.9868,ON,UNMAPPED -> dropped,no,,,
Rugby Clubhouse,1,1,NS,0.0,99.9868,NS,UNMAPPED -> dropped,no,,,
SG,1,1,ON,0.0,99.9868,ON,UNMAPPED -> dropped,no,,,
Sawmill - Large,1,1,ON,0.0,99.9868,ON,UNMAPPED -> dropped,no,,,
Community Rec/Centre - Board Run,1,1,ON,0.0,99.9868,ON,UNMAPPED -> dropped,no,,,
Community/Rec Centre - Private,1,1,ON,0.0,99.9868,ON,UNMAPPED -> dropped,no,,,
Community/Rec Centre AOCC,1,1,ON,0.0,99.9868,ON,UNMAPPED -> dropped,no,,,
Convent,1,1,NB,0.0,99.9868,NB,UNMAPPED -> dropped,no,,,
Corporate Training Centre,1,1,ON,0.0,99.9868,ON,UNMAPPED -> dropped,no,,,
School District,1,1,NB,0.0,99.9868,NB,UNMAPPED -> dropped,no,,,
Community Centre / Education / Event / Historic Sites / Fitness / Recreation,1,1,ON,0.0,99.9868,ON,UNMAPPED -> dropped,no,,,
Community Centre / Education / Historic Sites,1,1,ON,0.0,99.9868,ON,UNMAPPED -> dropped,no,,,
Community Centres / Creation / Education,1,1,ON,0.0,99.9868,ON,UNMAPPED -> dropped,no,,,
Community Centres / Education,1,1,ON,0.0,99.9868,ON,UNMAPPED -> dropped,no,,,
Community Centres / Performance / Education,1,1,ON,0.0,99.9868,ON,UNMAPPED -> dropped,no,,,
Community Group,1,1,NS,0.0,99.9868,NS,UNMAPPED -> dropped,no,,,
Commercial - Mid Rise,1,1,BC,0.0,99.9868,BC,UNMAPPED -> dropped,no,,,
Commercial and Office,1,1,NS,0.0,99.9868,NS,UNMAPPED -> dropped,no,,,
Commerciall,1,1,ON,0.0,99.9868,ON,UNMAPPED -> dropped,no,,,
Government or Military Facility,1,1,NB,0.0,99.9868,NB,UNMAPPED -> dropped,no,,,
Grocery,1,1,ON,0.0,99.9868,ON,UNMAPPED -> dropped,no,,,
Office Space,1,1,NB,0.0,99.9868,NB,UNMAPPED -> dropped,no,,,
Ontario Provincial Police,1,1,ON,0.0,99.9868,ON,UNMAPPED -> dropped,no,,,
Gas,1,1,ON,0.0,99.9868,ON,UNMAPPED -> dropped,no,,,
Gatehouse,1,1,NB,0.0,99.9868,NB,UNMAPPED -> dropped,no,,,
Genera/Residential,1,1,ON,0.0,99.9868,ON,UNMAPPED -> dropped,no,,,
General/Reidential,1,1,ON,0.0,99.9868,ON,UNMAPPED -> dropped,no,,,
General/residential,1,1,ON,0.0,99.9868,ON,UNMAPPED -> dropped,no,,,
Service Canada,1,1,NS,0.0,99.9868,NS,UNMAPPED -> dropped,no,,,
Service Station,1,1,NB,0.0,99.9868,NB,UNMAPPED -> dropped,no,,,
Single-family detached home and attached garage,1,1,ON,0.0,99.9868,ON,UNMAPPED -> dropped,no,,,
Institutional Pharmacy,1,1,NB,0.0,99.9868,NB,UNMAPPED -> dropped,no,,,
Interim Long Term Care Centre,1,1,ON,0.0,99.9868,ON,UNMAPPED -> dropped,no,,,
LEASE,1,1,BC,0.0,99.9868,BC,UNMAPPED -> dropped,no,,,
Lighthouse property//Propriété du phare,1,1,BC,0.0,99.9868,BC,UNMAPPED -> dropped,no,,,
Lodge,1,1,NB,0.0,99.9868,NB,UNMAPPED -> dropped,no,,,
Hall,1,1,BC,0.0,99.9868,BC,UNMAPPED -> dropped,no,,,
Hand digitized,1,1,ON,0.0,99.9868,ON,UNMAPPED -> dropped,no,,,
Hanger,1,1,BC,0.0,99.9868,BC,UNMAPPED -> dropped,no,,,
Hatchery,1,1,BC,0.0,99.9868,BC,UNMAPPED -> dropped,no,,,
Headquarters,1,1,ON,0.0,99.9868,ON,UNMAPPED -> dropped,no,,,
Museum Antique Gallery,1,1,AB,0.0,99.9868,AB,UNMAPPED -> dropped,no,,,
Musée municipal,1,1,QC,0.0,99.9868,QC,UNMAPPED -> dropped,no,,,
NPP,1,1,ON,0.0,99.9868,ON,UNMAPPED -> dropped,no,,,
Observatory,1,1,AB,0.0,99.9868,AB,UNMAPPED -> dropped,no,,,
Government / Community Centre / Education / Event / Historic Sites,1,1,ON,0.0,99.9868,ON,UNMAPPED -> dropped,no,,,
Government Heritage Building,1,1,BC,0.0,99.9868,BC,UNMAPPED -> dropped,no,,,
Lodging,1,1,ON,0.0,99.9868,ON,UNMAPPED -> dropped,no,,,
Mail Service,1,1,NB,0.0,99.9868,NB,UNMAPPED -> dropped,no,,,
Maintenance,1,1,ON,0.0,99.9868,ON,UNMAPPED -> dropped,no,,,
Ski Area / Ski Resort,1,1,ON,0.0,99.9868,ON,UNMAPPED -> dropped,no,,,
Special Purpose Home,1,1,NB,0.0,99.9868,NB,UNMAPPED -> dropped,no,,,
Children and Youth Mental Health,1,1,ON,0.0,99.9868,ON,UNMAPPED -> dropped,no,,,
Church: Cathedral,1,1,ON,0.0,99.9868,ON,UNMAPPED -> dropped,no,,,
City Hall,1,1,BC,0.0,99.9868,BC,UNMAPPED -> dropped,no,,,
Mini storage warehouse,1,1,ON,0.0,99.9868,ON,UNMAPPED -> dropped,no,,,
Health Clinic,1,1,ON,0.0,99.9868,ON,UNMAPPED -> dropped,no,,,
Municipal Wastewater Treatment Plant,1,1,ON,0.0,99.9868,ON,UNMAPPED -> dropped,no,,,
Museum / Education / Event / Performance,1,1,ON,0.0,99.9868,ON,UNMAPPED -> dropped,no,,,
Museum / Historic Sites / Places of Worship / Performance,1,1,ON,0.0,99.9868,ON,UNMAPPED -> dropped,no,,,
Grocery Store / Complex,1,1,NB,0.0,99.9868,NB,UNMAPPED -> dropped,no,,,
HRP HEADQUARTERS,1,1,NS,0.0,99.9868,NS,UNMAPPED -> dropped,no,,,
Clinic,1,1,AB,0.0,99.9868,AB,UNMAPPED -> dropped,no,,,
Stage,1,1,ON,0.0,99.9868,ON,UNMAPPED -> dropped,no,,,
Steel Plant,1,1,ON,0.0,99.9868,ON,UNMAPPED -> dropped,no,,,
Storage / Warehouse,1,1,ON,0.0,99.9868,ON,UNMAPPED -> dropped,no,,,
Storage Facility,1,1,ON,0.0,99.9868,ON,UNMAPPED -> dropped,no,,,
Canadian Redcross,1,1,ON,0.0,99.9868,ON,UNMAPPED -> dropped,no,,,
Cannabis Store,1,1,NB,0.0,99.9868,NB,UNMAPPED -> dropped,no,,,
Canteen,1,1,NS,0.0,99.9868,NS,UNMAPPED -> dropped,no,,,
Car Wash,1,1,NS,0.0,99.9868,NS,UNMAPPED -> dropped,no,,,
Care Facility,1,1,AB,0.0,99.9868,AB,UNMAPPED -> dropped,no,,,
Temple,1,1,ON,0.0,99.9868,ON,UNMAPPED -> dropped,no,,,
Tennis Club,1,1,NS,0.0,99.9868,NS,UNMAPPED -> dropped,no,,,
Tennis Courts,1,1,ON,0.0,99.9868,ON,UNMAPPED -> dropped,no,,,
Tertiary Tanker Base,1,1,ON,0.0,99.9868,ON,UNMAPPED -> dropped,no,,,
Toll Booth / Plaza,1,1,ON,0.0,99.9868,ON,UNMAPPED -> dropped,no,,,
Tourist Centre,1,1,AB,0.0,99.9868,AB,UNMAPPED -> dropped,no,,,
Tourist Information,1,1,ON,0.0,99.9868,ON,UNMAPPED -> dropped,no,,,
Tower,1,1,ON,0.0,99.9868,ON,UNMAPPED -> dropped,no,,,
Town Hall,1,1,NS,0.0,99.9868,NS,UNMAPPED -> dropped,no,,,
Train/Bus Station,1,1,NB,0.0,99.9868,NB,UNMAPPED -> dropped,no,,,
Multi Human Services Facility,1,1,ON,0.0,99.9868,ON,UNMAPPED -> dropped,no,,,
Multi Recreation Facility,1,1,AB,0.0,99.9868,AB,UNMAPPED -> dropped,no,,,
Multi-Use (Commercial / Mid Rise Residential),1,1,BC,0.0,99.9868,BC,UNMAPPED -> dropped,no,,,
Multi-Use (Commercial / Townhouse Residential),1,1,BC,0.0,99.9868,BC,UNMAPPED -> dropped,no,,,
Historical Building,1,1,ON,0.0,99.9868,ON,UNMAPPED -> dropped,no,,,
Historical Sites,1,1,ON,0.0,99.9868,ON,UNMAPPED -> dropped,no,,,
Horse facility//Installation pour cheval,1,1,AB,0.0,99.9868,AB,UNMAPPED -> dropped,no,,,
Hospice Care Facility,1,1,NB,0.0,99.9868,NB,UNMAPPED -> dropped,no,,,
Hospital//Hôpital,1,1,AB,0.0,99.9868,AB,UNMAPPED -> dropped,no,,,
Hospital/Health Centre,1,1,ON,0.0,99.9868,ON,UNMAPPED -> dropped,no,,,
Training Facility,1,1,ON,0.0,99.9868,ON,UNMAPPED -> dropped,no,,,
Transit Centre (Park & Ride),1,1,AB,0.0,99.9868,AB,UNMAPPED -> dropped,no,,,
CMHA AND BANK,1,1,NS,0.0,99.9868,NS,UNMAPPED -> dropped,no,,,
COMMONWORKS OFFICE BUILDING,1,1,NS,0.0,99.9868,NS,UNMAPPED -> dropped,no,,,
Cafe / Bakery / Restaurant,1,1,ON,0.0,99.9868,ON,UNMAPPED -> dropped,no,,,
Cafe / Bar / Performance,1,1,ON,0.0,99.9868,ON,UNMAPPED -> dropped,no,,,
Cafe / Creation,1,1,ON,0.0,99.9868,ON,UNMAPPED -> dropped,no,,,
Cafe / Performance,1,1,ON,0.0,99.9868,ON,UNMAPPED -> dropped,no,,,
Cafe / Visual Art / Retail,1,1,ON,0.0,99.9868,ON,UNMAPPED -> dropped,no,,,
Air Force Club,1,1,NS,0.0,99.9868,NS,UNMAPPED -> dropped,no,,,
Air Traffic Control Centre,1,1,ON,0.0,99.9868,ON,UNMAPPED -> dropped,no,,,
Veneer,1,1,ON,0.0,99.9868,ON,UNMAPPED -> dropped,no,,,
Veterinary Facility,1,1,ON,0.0,99.9868,ON,UNMAPPED -> dropped,no,,,
Visitor centre//Centre des visiteurs,1,1,AB,0.0,99.9868,AB,UNMAPPED -> dropped,no,,,
WELL HOUSE,1,1,ON,0.0,99.9868,ON,UNMAPPED -> dropped,no,,,
WPP,1,1,ON,0.0,99.9868,ON,UNMAPPED -> dropped,no,,,
Waldorf School,1,1,ON,0.0,99.9868,ON,UNMAPPED -> dropped,no,,,
Warehouse (Retail / Wholesale),1,1,ON,0.0,99.9868,ON,UNMAPPED -> dropped,no,,,
Health Services,1,1,ON,0.0,99.9868,ON,UNMAPPED -> dropped,no,,,
Heritage House,1,1,ON,0.0,99.9868,ON,UNMAPPED -> dropped,no,,,
Airport Terminal,1,1,ON,0.0,99.9868,ON,UNMAPPED -> dropped,no,,,
Ambulance Service,1,1,ON,0.0,99.9868,ON,UNMAPPED -> dropped,no,,,
Bus Services - Operations Garages,1,1,ON,0.0,99.9868,ON,UNMAPPED -> dropped,no,,,
Bus Station,1,1,ON,0.0,99.9868,ON,UNMAPPED -> dropped,no,,,
Water Tank,1,1,ON,0.0,99.9868,ON,UNMAPPED -> dropped,no,,,
Water Treatment Facility,1,1,ON,0.0,99.9868,ON,UNMAPPED -> dropped,no,,,
Water Treatment Plant,1,1,NS,0.0,99.9868,NS,UNMAPPED -> dropped,no,,,
Waterworks,1,1,ON,0.0,99.9868,ON,UNMAPPED -> dropped,no,,,
v,1,1,ON,0.0,99.9868,ON,UNMAPPED -> dropped,no,,,
Library / Education,1,1,ON,0.0,99.9868,ON,UNMAPPED -> dropped,no,,,
Agricole,1,1,QC,0.0,99.9868,QC,UNMAPPED -> dropped,no,,,
Banking and Finance Facility,1,1,ON,0.0,99.9868,ON,UNMAPPED -> dropped,no,,,
Agence internationale,1,1,QC,0.0,99.9868,QC,UNMAPPED -> dropped,no,,,
117,1,1,ON,0.0,99.9868,ON,UNMAPPED -> dropped,no,,,
